"name","downloadsLink","year","day"
"VNP46A2.A2018082.h00v01.001.2020331005332.h5","https://ladsweb.modaps.eosdis.nasa.gov/archive/allData/5000/VNP46A2/2018/082/VNP46A2.A2018082.h00v01.001.2020331005332.h5",2018,"082"
"VNP46A2.A2018082.h00v02.001.2020331122859.h5","https://ladsweb.modaps.eosdis.nasa.gov/archive/allData/5000/VNP46A2/2018/082/VNP46A2.A2018082.h00v02.001.2020331122859.h5",2018,"082"
"VNP46A2.A2018082.h00v03.001.2020331012003.h5","https://ladsweb.modaps.eosdis.nasa.gov/archive/allData/5000/VNP46A2/2018/082/VNP46A2.A2018082.h00v03.001.2020331012003.h5",2018,"082"
"VNP46A2.A2018082.h00v06.001.2020333151049.h5","https://ladsweb.modaps.eosdis.nasa.gov/archive/allData/5000/VNP46A2/2018/082/VNP46A2.A2018082.h00v06.001.2020333151049.h5",2018,"082"
"VNP46A2.A2018082.h00v09.001.2020333114911.h5","https://ladsweb.modaps.eosdis.nasa.gov/archive/allData/5000/VNP46A2/2018/082/VNP46A2.A2018082.h00v09.001.2020333114911.h5",2018,"082"
"VNP46A2.A2018082.h00v10.001.2020333145725.h5","https://ladsweb.modaps.eosdis.nasa.gov/archive/allData/5000/VNP46A2/2018/082/VNP46A2.A2018082.h00v10.001.2020333145725.h5",2018,"082"
"VNP46A2.A2018082.h00v11.001.2020333151058.h5","https://ladsweb.modaps.eosdis.nasa.gov/archive/allData/5000/VNP46A2/2018/082/VNP46A2.A2018082.h00v11.001.2020333151058.h5",2018,"082"
"VNP46A2.A2018082.h00v13.001.2020333150300.h5","https://ladsweb.modaps.eosdis.nasa.gov/archive/allData/5000/VNP46A2/2018/082/VNP46A2.A2018082.h00v13.001.2020333150300.h5",2018,"082"
"VNP46A2.A2018082.h00v14.001.2020333172452.h5","https://ladsweb.modaps.eosdis.nasa.gov/archive/allData/5000/VNP46A2/2018/082/VNP46A2.A2018082.h00v14.001.2020333172452.h5",2018,"082"
"VNP46A2.A2018082.h00v15.001.2020331010637.h5","https://ladsweb.modaps.eosdis.nasa.gov/archive/allData/5000/VNP46A2/2018/082/VNP46A2.A2018082.h00v15.001.2020331010637.h5",2018,"082"
"VNP46A2.A2018082.h00v16.001.2020331004445.h5","https://ladsweb.modaps.eosdis.nasa.gov/archive/allData/5000/VNP46A2/2018/082/VNP46A2.A2018082.h00v16.001.2020331004445.h5",2018,"082"
"VNP46A2.A2018082.h00v17.001.2020331011114.h5","https://ladsweb.modaps.eosdis.nasa.gov/archive/allData/5000/VNP46A2/2018/082/VNP46A2.A2018082.h00v17.001.2020331011114.h5",2018,"082"
"VNP46A2.A2018082.h01v02.001.2020331180956.h5","https://ladsweb.modaps.eosdis.nasa.gov/archive/allData/5000/VNP46A2/2018/082/VNP46A2.A2018082.h01v02.001.2020331180956.h5",2018,"082"
"VNP46A2.A2018082.h01v03.001.2020331105439.h5","https://ladsweb.modaps.eosdis.nasa.gov/archive/allData/5000/VNP46A2/2018/082/VNP46A2.A2018082.h01v03.001.2020331105439.h5",2018,"082"
"VNP46A2.A2018082.h01v06.001.2020333125416.h5","https://ladsweb.modaps.eosdis.nasa.gov/archive/allData/5000/VNP46A2/2018/082/VNP46A2.A2018082.h01v06.001.2020333125416.h5",2018,"082"
"VNP46A2.A2018082.h01v08.001.2020333143906.h5","https://ladsweb.modaps.eosdis.nasa.gov/archive/allData/5000/VNP46A2/2018/082/VNP46A2.A2018082.h01v08.001.2020333143906.h5",2018,"082"
"VNP46A2.A2018082.h01v16.001.2020331005229.h5","https://ladsweb.modaps.eosdis.nasa.gov/archive/allData/5000/VNP46A2/2018/082/VNP46A2.A2018082.h01v16.001.2020331005229.h5",2018,"082"
"VNP46A2.A2018082.h01v17.001.2020331004331.h5","https://ladsweb.modaps.eosdis.nasa.gov/archive/allData/5000/VNP46A2/2018/082/VNP46A2.A2018082.h01v17.001.2020331004331.h5",2018,"082"
"VNP46A2.A2018082.h02v01.001.2020331013007.h5","https://ladsweb.modaps.eosdis.nasa.gov/archive/allData/5000/VNP46A2/2018/082/VNP46A2.A2018082.h02v01.001.2020331013007.h5",2018,"082"
"VNP46A2.A2018082.h02v02.001.2020332162011.h5","https://ladsweb.modaps.eosdis.nasa.gov/archive/allData/5000/VNP46A2/2018/082/VNP46A2.A2018082.h02v02.001.2020332162011.h5",2018,"082"
"VNP46A2.A2018082.h02v03.001.2020331204848.h5","https://ladsweb.modaps.eosdis.nasa.gov/archive/allData/5000/VNP46A2/2018/082/VNP46A2.A2018082.h02v03.001.2020331204848.h5",2018,"082"
"VNP46A2.A2018082.h02v06.001.2020333145248.h5","https://ladsweb.modaps.eosdis.nasa.gov/archive/allData/5000/VNP46A2/2018/082/VNP46A2.A2018082.h02v06.001.2020333145248.h5",2018,"082"
"VNP46A2.A2018082.h02v07.001.2020333151618.h5","https://ladsweb.modaps.eosdis.nasa.gov/archive/allData/5000/VNP46A2/2018/082/VNP46A2.A2018082.h02v07.001.2020333151618.h5",2018,"082"
"VNP46A2.A2018082.h02v08.001.2020333125454.h5","https://ladsweb.modaps.eosdis.nasa.gov/archive/allData/5000/VNP46A2/2018/082/VNP46A2.A2018082.h02v08.001.2020333125454.h5",2018,"082"
"VNP46A2.A2018082.h02v10.001.2020333140908.h5","https://ladsweb.modaps.eosdis.nasa.gov/archive/allData/5000/VNP46A2/2018/082/VNP46A2.A2018082.h02v10.001.2020333140908.h5",2018,"082"
"VNP46A2.A2018082.h02v16.001.2020331012103.h5","https://ladsweb.modaps.eosdis.nasa.gov/archive/allData/5000/VNP46A2/2018/082/VNP46A2.A2018082.h02v16.001.2020331012103.h5",2018,"082"
"VNP46A2.A2018082.h02v17.001.2020331010231.h5","https://ladsweb.modaps.eosdis.nasa.gov/archive/allData/5000/VNP46A2/2018/082/VNP46A2.A2018082.h02v17.001.2020331010231.h5",2018,"082"
"VNP46A2.A2018082.h03v02.001.2020332130558.h5","https://ladsweb.modaps.eosdis.nasa.gov/archive/allData/5000/VNP46A2/2018/082/VNP46A2.A2018082.h03v02.001.2020332130558.h5",2018,"082"
"VNP46A2.A2018082.h03v03.001.2020331060853.h5","https://ladsweb.modaps.eosdis.nasa.gov/archive/allData/5000/VNP46A2/2018/082/VNP46A2.A2018082.h03v03.001.2020331060853.h5",2018,"082"
"VNP46A2.A2018082.h03v09.001.2020333094905.h5","https://ladsweb.modaps.eosdis.nasa.gov/archive/allData/5000/VNP46A2/2018/082/VNP46A2.A2018082.h03v09.001.2020333094905.h5",2018,"082"
"VNP46A2.A2018082.h03v10.001.2020333172427.h5","https://ladsweb.modaps.eosdis.nasa.gov/archive/allData/5000/VNP46A2/2018/082/VNP46A2.A2018082.h03v10.001.2020333172427.h5",2018,"082"
"VNP46A2.A2018082.h03v11.001.2020333133540.h5","https://ladsweb.modaps.eosdis.nasa.gov/archive/allData/5000/VNP46A2/2018/082/VNP46A2.A2018082.h03v11.001.2020333133540.h5",2018,"082"
"VNP46A2.A2018082.h03v16.001.2020331031905.h5","https://ladsweb.modaps.eosdis.nasa.gov/archive/allData/5000/VNP46A2/2018/082/VNP46A2.A2018082.h03v16.001.2020331031905.h5",2018,"082"
"VNP46A2.A2018082.h03v17.001.2020331011521.h5","https://ladsweb.modaps.eosdis.nasa.gov/archive/allData/5000/VNP46A2/2018/082/VNP46A2.A2018082.h03v17.001.2020331011521.h5",2018,"082"
"VNP46A2.A2018082.h04v02.001.2020332112409.h5","https://ladsweb.modaps.eosdis.nasa.gov/archive/allData/5000/VNP46A2/2018/082/VNP46A2.A2018082.h04v02.001.2020332112409.h5",2018,"082"
"VNP46A2.A2018082.h04v03.001.2020331232913.h5","https://ladsweb.modaps.eosdis.nasa.gov/archive/allData/5000/VNP46A2/2018/082/VNP46A2.A2018082.h04v03.001.2020331232913.h5",2018,"082"
"VNP46A2.A2018082.h04v09.001.2020333131038.h5","https://ladsweb.modaps.eosdis.nasa.gov/archive/allData/5000/VNP46A2/2018/082/VNP46A2.A2018082.h04v09.001.2020333131038.h5",2018,"082"
"VNP46A2.A2018082.h04v10.001.2020333143356.h5","https://ladsweb.modaps.eosdis.nasa.gov/archive/allData/5000/VNP46A2/2018/082/VNP46A2.A2018082.h04v10.001.2020333143356.h5",2018,"082"
"VNP46A2.A2018082.h04v11.001.2020333141547.h5","https://ladsweb.modaps.eosdis.nasa.gov/archive/allData/5000/VNP46A2/2018/082/VNP46A2.A2018082.h04v11.001.2020333141547.h5",2018,"082"
"VNP46A2.A2018082.h04v16.001.2020331041417.h5","https://ladsweb.modaps.eosdis.nasa.gov/archive/allData/5000/VNP46A2/2018/082/VNP46A2.A2018082.h04v16.001.2020331041417.h5",2018,"082"
"VNP46A2.A2018082.h04v17.001.2020331010659.h5","https://ladsweb.modaps.eosdis.nasa.gov/archive/allData/5000/VNP46A2/2018/082/VNP46A2.A2018082.h04v17.001.2020331010659.h5",2018,"082"
"VNP46A2.A2018082.h05v01.001.2020331054431.h5","https://ladsweb.modaps.eosdis.nasa.gov/archive/allData/5000/VNP46A2/2018/082/VNP46A2.A2018082.h05v01.001.2020331054431.h5",2018,"082"
"VNP46A2.A2018082.h05v02.001.2020332120636.h5","https://ladsweb.modaps.eosdis.nasa.gov/archive/allData/5000/VNP46A2/2018/082/VNP46A2.A2018082.h05v02.001.2020332120636.h5",2018,"082"
"VNP46A2.A2018082.h05v03.001.2020333014822.h5","https://ladsweb.modaps.eosdis.nasa.gov/archive/allData/5000/VNP46A2/2018/082/VNP46A2.A2018082.h05v03.001.2020333014822.h5",2018,"082"
"VNP46A2.A2018082.h05v04.001.2020334133140.h5","https://ladsweb.modaps.eosdis.nasa.gov/archive/allData/5000/VNP46A2/2018/082/VNP46A2.A2018082.h05v04.001.2020334133140.h5",2018,"082"
"VNP46A2.A2018082.h05v05.001.2020333202933.h5","https://ladsweb.modaps.eosdis.nasa.gov/archive/allData/5000/VNP46A2/2018/082/VNP46A2.A2018082.h05v05.001.2020333202933.h5",2018,"082"
"VNP46A2.A2018082.h05v16.001.2020331051037.h5","https://ladsweb.modaps.eosdis.nasa.gov/archive/allData/5000/VNP46A2/2018/082/VNP46A2.A2018082.h05v16.001.2020331051037.h5",2018,"082"
"VNP46A2.A2018082.h05v17.001.2020331010626.h5","https://ladsweb.modaps.eosdis.nasa.gov/archive/allData/5000/VNP46A2/2018/082/VNP46A2.A2018082.h05v17.001.2020331010626.h5",2018,"082"
"VNP46A2.A2018082.h06v01.001.2020331171611.h5","https://ladsweb.modaps.eosdis.nasa.gov/archive/allData/5000/VNP46A2/2018/082/VNP46A2.A2018082.h06v01.001.2020331171611.h5",2018,"082"
"VNP46A2.A2018082.h06v02.001.2020332095306.h5","https://ladsweb.modaps.eosdis.nasa.gov/archive/allData/5000/VNP46A2/2018/082/VNP46A2.A2018082.h06v02.001.2020332095306.h5",2018,"082"
"VNP46A2.A2018082.h06v03.001.2020333005810.h5","https://ladsweb.modaps.eosdis.nasa.gov/archive/allData/5000/VNP46A2/2018/082/VNP46A2.A2018082.h06v03.001.2020333005810.h5",2018,"082"
"VNP46A2.A2018082.h06v04.001.2020336003801.h5","https://ladsweb.modaps.eosdis.nasa.gov/archive/allData/5000/VNP46A2/2018/082/VNP46A2.A2018082.h06v04.001.2020336003801.h5",2018,"082"
"VNP46A2.A2018082.h06v05.001.2020335190523.h5","https://ladsweb.modaps.eosdis.nasa.gov/archive/allData/5000/VNP46A2/2018/082/VNP46A2.A2018082.h06v05.001.2020335190523.h5",2018,"082"
"VNP46A2.A2018082.h06v06.001.2020333234934.h5","https://ladsweb.modaps.eosdis.nasa.gov/archive/allData/5000/VNP46A2/2018/082/VNP46A2.A2018082.h06v06.001.2020333234934.h5",2018,"082"
"VNP46A2.A2018082.h06v16.001.2020331040313.h5","https://ladsweb.modaps.eosdis.nasa.gov/archive/allData/5000/VNP46A2/2018/082/VNP46A2.A2018082.h06v16.001.2020331040313.h5",2018,"082"
"VNP46A2.A2018082.h06v17.001.2020331004337.h5","https://ladsweb.modaps.eosdis.nasa.gov/archive/allData/5000/VNP46A2/2018/082/VNP46A2.A2018082.h06v17.001.2020331004337.h5",2018,"082"
"VNP46A2.A2018082.h07v01.001.2020331143140.h5","https://ladsweb.modaps.eosdis.nasa.gov/archive/allData/5000/VNP46A2/2018/082/VNP46A2.A2018082.h07v01.001.2020331143140.h5",2018,"082"
"VNP46A2.A2018082.h07v02.001.2020332121400.h5","https://ladsweb.modaps.eosdis.nasa.gov/archive/allData/5000/VNP46A2/2018/082/VNP46A2.A2018082.h07v02.001.2020332121400.h5",2018,"082"
"VNP46A2.A2018082.h07v03.001.2020332230624.h5","https://ladsweb.modaps.eosdis.nasa.gov/archive/allData/5000/VNP46A2/2018/082/VNP46A2.A2018082.h07v03.001.2020332230624.h5",2018,"082"
"VNP46A2.A2018082.h07v04.001.2020336040400.h5","https://ladsweb.modaps.eosdis.nasa.gov/archive/allData/5000/VNP46A2/2018/082/VNP46A2.A2018082.h07v04.001.2020336040400.h5",2018,"082"
"VNP46A2.A2018082.h07v05.001.2020336052742.h5","https://ladsweb.modaps.eosdis.nasa.gov/archive/allData/5000/VNP46A2/2018/082/VNP46A2.A2018082.h07v05.001.2020336052742.h5",2018,"082"
"VNP46A2.A2018082.h07v06.001.2020335135148.h5","https://ladsweb.modaps.eosdis.nasa.gov/archive/allData/5000/VNP46A2/2018/082/VNP46A2.A2018082.h07v06.001.2020335135148.h5",2018,"082"
"VNP46A2.A2018082.h07v07.001.2020333225805.h5","https://ladsweb.modaps.eosdis.nasa.gov/archive/allData/5000/VNP46A2/2018/082/VNP46A2.A2018082.h07v07.001.2020333225805.h5",2018,"082"
"VNP46A2.A2018082.h07v16.001.2020331040236.h5","https://ladsweb.modaps.eosdis.nasa.gov/archive/allData/5000/VNP46A2/2018/082/VNP46A2.A2018082.h07v16.001.2020331040236.h5",2018,"082"
"VNP46A2.A2018082.h07v17.001.2020331005238.h5","https://ladsweb.modaps.eosdis.nasa.gov/archive/allData/5000/VNP46A2/2018/082/VNP46A2.A2018082.h07v17.001.2020331005238.h5",2018,"082"
"VNP46A2.A2018082.h08v00.001.2020331004808.h5","https://ladsweb.modaps.eosdis.nasa.gov/archive/allData/5000/VNP46A2/2018/082/VNP46A2.A2018082.h08v00.001.2020331004808.h5",2018,"082"
"VNP46A2.A2018082.h08v01.001.2020331173151.h5","https://ladsweb.modaps.eosdis.nasa.gov/archive/allData/5000/VNP46A2/2018/082/VNP46A2.A2018082.h08v01.001.2020331173151.h5",2018,"082"
"VNP46A2.A2018082.h08v02.001.2020332085947.h5","https://ladsweb.modaps.eosdis.nasa.gov/archive/allData/5000/VNP46A2/2018/082/VNP46A2.A2018082.h08v02.001.2020332085947.h5",2018,"082"
"VNP46A2.A2018082.h08v03.001.2020332131522.h5","https://ladsweb.modaps.eosdis.nasa.gov/archive/allData/5000/VNP46A2/2018/082/VNP46A2.A2018082.h08v03.001.2020332131522.h5",2018,"082"
"VNP46A2.A2018082.h08v04.001.2020335214726.h5","https://ladsweb.modaps.eosdis.nasa.gov/archive/allData/5000/VNP46A2/2018/082/VNP46A2.A2018082.h08v04.001.2020335214726.h5",2018,"082"
"VNP46A2.A2018082.h08v05.001.2020335171559.h5","https://ladsweb.modaps.eosdis.nasa.gov/archive/allData/5000/VNP46A2/2018/082/VNP46A2.A2018082.h08v05.001.2020335171559.h5",2018,"082"
"VNP46A2.A2018082.h08v06.001.2020334143851.h5","https://ladsweb.modaps.eosdis.nasa.gov/archive/allData/5000/VNP46A2/2018/082/VNP46A2.A2018082.h08v06.001.2020334143851.h5",2018,"082"
"VNP46A2.A2018082.h08v07.001.2020334172245.h5","https://ladsweb.modaps.eosdis.nasa.gov/archive/allData/5000/VNP46A2/2018/082/VNP46A2.A2018082.h08v07.001.2020334172245.h5",2018,"082"
"VNP46A2.A2018082.h08v08.001.2020333144317.h5","https://ladsweb.modaps.eosdis.nasa.gov/archive/allData/5000/VNP46A2/2018/082/VNP46A2.A2018082.h08v08.001.2020333144317.h5",2018,"082"
"VNP46A2.A2018082.h08v09.001.2020333143948.h5","https://ladsweb.modaps.eosdis.nasa.gov/archive/allData/5000/VNP46A2/2018/082/VNP46A2.A2018082.h08v09.001.2020333143948.h5",2018,"082"
"VNP46A2.A2018082.h08v16.001.2020331060708.h5","https://ladsweb.modaps.eosdis.nasa.gov/archive/allData/5000/VNP46A2/2018/082/VNP46A2.A2018082.h08v16.001.2020331060708.h5",2018,"082"
"VNP46A2.A2018082.h08v17.001.2020331005756.h5","https://ladsweb.modaps.eosdis.nasa.gov/archive/allData/5000/VNP46A2/2018/082/VNP46A2.A2018082.h08v17.001.2020331005756.h5",2018,"082"
"VNP46A2.A2018082.h09v00.001.2020331012100.h5","https://ladsweb.modaps.eosdis.nasa.gov/archive/allData/5000/VNP46A2/2018/082/VNP46A2.A2018082.h09v00.001.2020331012100.h5",2018,"082"
"VNP46A2.A2018082.h09v01.001.2020332015552.h5","https://ladsweb.modaps.eosdis.nasa.gov/archive/allData/5000/VNP46A2/2018/082/VNP46A2.A2018082.h09v01.001.2020332015552.h5",2018,"082"
"VNP46A2.A2018082.h09v02.001.2020331170317.h5","https://ladsweb.modaps.eosdis.nasa.gov/archive/allData/5000/VNP46A2/2018/082/VNP46A2.A2018082.h09v02.001.2020331170317.h5",2018,"082"
"VNP46A2.A2018082.h09v03.001.2020331232259.h5","https://ladsweb.modaps.eosdis.nasa.gov/archive/allData/5000/VNP46A2/2018/082/VNP46A2.A2018082.h09v03.001.2020331232259.h5",2018,"082"
"VNP46A2.A2018082.h09v04.001.2020335132550.h5","https://ladsweb.modaps.eosdis.nasa.gov/archive/allData/5000/VNP46A2/2018/082/VNP46A2.A2018082.h09v04.001.2020335132550.h5",2018,"082"
"VNP46A2.A2018082.h09v05.001.2020335083103.h5","https://ladsweb.modaps.eosdis.nasa.gov/archive/allData/5000/VNP46A2/2018/082/VNP46A2.A2018082.h09v05.001.2020335083103.h5",2018,"082"
"VNP46A2.A2018082.h09v06.001.2020333224501.h5","https://ladsweb.modaps.eosdis.nasa.gov/archive/allData/5000/VNP46A2/2018/082/VNP46A2.A2018082.h09v06.001.2020333224501.h5",2018,"082"
"VNP46A2.A2018082.h09v07.001.2020334065333.h5","https://ladsweb.modaps.eosdis.nasa.gov/archive/allData/5000/VNP46A2/2018/082/VNP46A2.A2018082.h09v07.001.2020334065333.h5",2018,"082"
"VNP46A2.A2018082.h09v08.001.2020333201834.h5","https://ladsweb.modaps.eosdis.nasa.gov/archive/allData/5000/VNP46A2/2018/082/VNP46A2.A2018082.h09v08.001.2020333201834.h5",2018,"082"
"VNP46A2.A2018082.h09v09.001.2020333164751.h5","https://ladsweb.modaps.eosdis.nasa.gov/archive/allData/5000/VNP46A2/2018/082/VNP46A2.A2018082.h09v09.001.2020333164751.h5",2018,"082"
"VNP46A2.A2018082.h09v16.001.2020331055822.h5","https://ladsweb.modaps.eosdis.nasa.gov/archive/allData/5000/VNP46A2/2018/082/VNP46A2.A2018082.h09v16.001.2020331055822.h5",2018,"082"
"VNP46A2.A2018082.h09v17.001.2020331010648.h5","https://ladsweb.modaps.eosdis.nasa.gov/archive/allData/5000/VNP46A2/2018/082/VNP46A2.A2018082.h09v17.001.2020331010648.h5",2018,"082"
"VNP46A2.A2018082.h10v00.001.2020331030830.h5","https://ladsweb.modaps.eosdis.nasa.gov/archive/allData/5000/VNP46A2/2018/082/VNP46A2.A2018082.h10v00.001.2020331030830.h5",2018,"082"
"VNP46A2.A2018082.h10v01.001.2020331164134.h5","https://ladsweb.modaps.eosdis.nasa.gov/archive/allData/5000/VNP46A2/2018/082/VNP46A2.A2018082.h10v01.001.2020331164134.h5",2018,"082"
"VNP46A2.A2018082.h10v02.001.2020331213349.h5","https://ladsweb.modaps.eosdis.nasa.gov/archive/allData/5000/VNP46A2/2018/082/VNP46A2.A2018082.h10v02.001.2020331213349.h5",2018,"082"
"VNP46A2.A2018082.h10v03.001.2020332121615.h5","https://ladsweb.modaps.eosdis.nasa.gov/archive/allData/5000/VNP46A2/2018/082/VNP46A2.A2018082.h10v03.001.2020332121615.h5",2018,"082"
"VNP46A2.A2018082.h10v04.001.2020335143819.h5","https://ladsweb.modaps.eosdis.nasa.gov/archive/allData/5000/VNP46A2/2018/082/VNP46A2.A2018082.h10v04.001.2020335143819.h5",2018,"082"
"VNP46A2.A2018082.h10v05.001.2020334042701.h5","https://ladsweb.modaps.eosdis.nasa.gov/archive/allData/5000/VNP46A2/2018/082/VNP46A2.A2018082.h10v05.001.2020334042701.h5",2018,"082"
"VNP46A2.A2018082.h10v06.001.2020333211433.h5","https://ladsweb.modaps.eosdis.nasa.gov/archive/allData/5000/VNP46A2/2018/082/VNP46A2.A2018082.h10v06.001.2020333211433.h5",2018,"082"
"VNP46A2.A2018082.h10v07.001.2020334025249.h5","https://ladsweb.modaps.eosdis.nasa.gov/archive/allData/5000/VNP46A2/2018/082/VNP46A2.A2018082.h10v07.001.2020334025249.h5",2018,"082"
"VNP46A2.A2018082.h10v08.001.2020335032241.h5","https://ladsweb.modaps.eosdis.nasa.gov/archive/allData/5000/VNP46A2/2018/082/VNP46A2.A2018082.h10v08.001.2020335032241.h5",2018,"082"
"VNP46A2.A2018082.h10v09.001.2020335083039.h5","https://ladsweb.modaps.eosdis.nasa.gov/archive/allData/5000/VNP46A2/2018/082/VNP46A2.A2018082.h10v09.001.2020335083039.h5",2018,"082"
"VNP46A2.A2018082.h10v10.001.2020334134853.h5","https://ladsweb.modaps.eosdis.nasa.gov/archive/allData/5000/VNP46A2/2018/082/VNP46A2.A2018082.h10v10.001.2020334134853.h5",2018,"082"
"VNP46A2.A2018082.h10v11.001.2020333164345.h5","https://ladsweb.modaps.eosdis.nasa.gov/archive/allData/5000/VNP46A2/2018/082/VNP46A2.A2018082.h10v11.001.2020333164345.h5",2018,"082"
"VNP46A2.A2018082.h10v12.001.2020333230124.h5","https://ladsweb.modaps.eosdis.nasa.gov/archive/allData/5000/VNP46A2/2018/082/VNP46A2.A2018082.h10v12.001.2020333230124.h5",2018,"082"
"VNP46A2.A2018082.h10v13.001.2020334065401.h5","https://ladsweb.modaps.eosdis.nasa.gov/archive/allData/5000/VNP46A2/2018/082/VNP46A2.A2018082.h10v13.001.2020334065401.h5",2018,"082"
"VNP46A2.A2018082.h10v14.001.2020334044751.h5","https://ladsweb.modaps.eosdis.nasa.gov/archive/allData/5000/VNP46A2/2018/082/VNP46A2.A2018082.h10v14.001.2020334044751.h5",2018,"082"
"VNP46A2.A2018082.h10v15.001.2020331004419.h5","https://ladsweb.modaps.eosdis.nasa.gov/archive/allData/5000/VNP46A2/2018/082/VNP46A2.A2018082.h10v15.001.2020331004419.h5",2018,"082"
"VNP46A2.A2018082.h10v16.001.2020331060335.h5","https://ladsweb.modaps.eosdis.nasa.gov/archive/allData/5000/VNP46A2/2018/082/VNP46A2.A2018082.h10v16.001.2020331060335.h5",2018,"082"
"VNP46A2.A2018082.h10v17.001.2020331004341.h5","https://ladsweb.modaps.eosdis.nasa.gov/archive/allData/5000/VNP46A2/2018/082/VNP46A2.A2018082.h10v17.001.2020331004341.h5",2018,"082"
"VNP46A2.A2018082.h11v00.001.2020331013003.h5","https://ladsweb.modaps.eosdis.nasa.gov/archive/allData/5000/VNP46A2/2018/082/VNP46A2.A2018082.h11v00.001.2020331013003.h5",2018,"082"
"VNP46A2.A2018082.h11v01.001.2020331143215.h5","https://ladsweb.modaps.eosdis.nasa.gov/archive/allData/5000/VNP46A2/2018/082/VNP46A2.A2018082.h11v01.001.2020331143215.h5",2018,"082"
"VNP46A2.A2018082.h11v02.001.2020331141231.h5","https://ladsweb.modaps.eosdis.nasa.gov/archive/allData/5000/VNP46A2/2018/082/VNP46A2.A2018082.h11v02.001.2020331141231.h5",2018,"082"
"VNP46A2.A2018082.h11v03.001.2020332141029.h5","https://ladsweb.modaps.eosdis.nasa.gov/archive/allData/5000/VNP46A2/2018/082/VNP46A2.A2018082.h11v03.001.2020332141029.h5",2018,"082"
"VNP46A2.A2018082.h11v04.001.2020334090914.h5","https://ladsweb.modaps.eosdis.nasa.gov/archive/allData/5000/VNP46A2/2018/082/VNP46A2.A2018082.h11v04.001.2020334090914.h5",2018,"082"
"VNP46A2.A2018082.h11v05.001.2020333150301.h5","https://ladsweb.modaps.eosdis.nasa.gov/archive/allData/5000/VNP46A2/2018/082/VNP46A2.A2018082.h11v05.001.2020333150301.h5",2018,"082"
"VNP46A2.A2018082.h11v07.001.2020333221559.h5","https://ladsweb.modaps.eosdis.nasa.gov/archive/allData/5000/VNP46A2/2018/082/VNP46A2.A2018082.h11v07.001.2020333221559.h5",2018,"082"
"VNP46A2.A2018082.h11v08.001.2020335192620.h5","https://ladsweb.modaps.eosdis.nasa.gov/archive/allData/5000/VNP46A2/2018/082/VNP46A2.A2018082.h11v08.001.2020335192620.h5",2018,"082"
"VNP46A2.A2018082.h11v09.001.2020335113336.h5","https://ladsweb.modaps.eosdis.nasa.gov/archive/allData/5000/VNP46A2/2018/082/VNP46A2.A2018082.h11v09.001.2020335113336.h5",2018,"082"
"VNP46A2.A2018082.h11v10.001.2020335182020.h5","https://ladsweb.modaps.eosdis.nasa.gov/archive/allData/5000/VNP46A2/2018/082/VNP46A2.A2018082.h11v10.001.2020335182020.h5",2018,"082"
"VNP46A2.A2018082.h11v11.001.2020336033314.h5","https://ladsweb.modaps.eosdis.nasa.gov/archive/allData/5000/VNP46A2/2018/082/VNP46A2.A2018082.h11v11.001.2020336033314.h5",2018,"082"
"VNP46A2.A2018082.h11v12.001.2020336042718.h5","https://ladsweb.modaps.eosdis.nasa.gov/archive/allData/5000/VNP46A2/2018/082/VNP46A2.A2018082.h11v12.001.2020336042718.h5",2018,"082"
"VNP46A2.A2018082.h11v13.001.2020334190000.h5","https://ladsweb.modaps.eosdis.nasa.gov/archive/allData/5000/VNP46A2/2018/082/VNP46A2.A2018082.h11v13.001.2020334190000.h5",2018,"082"
"VNP46A2.A2018082.h11v14.001.2020334022532.h5","https://ladsweb.modaps.eosdis.nasa.gov/archive/allData/5000/VNP46A2/2018/082/VNP46A2.A2018082.h11v14.001.2020334022532.h5",2018,"082"
"VNP46A2.A2018082.h11v15.001.2020331082038.h5","https://ladsweb.modaps.eosdis.nasa.gov/archive/allData/5000/VNP46A2/2018/082/VNP46A2.A2018082.h11v15.001.2020331082038.h5",2018,"082"
"VNP46A2.A2018082.h11v16.001.2020331070335.h5","https://ladsweb.modaps.eosdis.nasa.gov/archive/allData/5000/VNP46A2/2018/082/VNP46A2.A2018082.h11v16.001.2020331070335.h5",2018,"082"
"VNP46A2.A2018082.h11v17.001.2020331004349.h5","https://ladsweb.modaps.eosdis.nasa.gov/archive/allData/5000/VNP46A2/2018/082/VNP46A2.A2018082.h11v17.001.2020331004349.h5",2018,"082"
"VNP46A2.A2018082.h12v00.001.2020331013858.h5","https://ladsweb.modaps.eosdis.nasa.gov/archive/allData/5000/VNP46A2/2018/082/VNP46A2.A2018082.h12v00.001.2020331013858.h5",2018,"082"
"VNP46A2.A2018082.h12v01.001.2020332030131.h5","https://ladsweb.modaps.eosdis.nasa.gov/archive/allData/5000/VNP46A2/2018/082/VNP46A2.A2018082.h12v01.001.2020332030131.h5",2018,"082"
"VNP46A2.A2018082.h12v02.001.2020331064015.h5","https://ladsweb.modaps.eosdis.nasa.gov/archive/allData/5000/VNP46A2/2018/082/VNP46A2.A2018082.h12v02.001.2020331064015.h5",2018,"082"
"VNP46A2.A2018082.h12v03.001.2020331054746.h5","https://ladsweb.modaps.eosdis.nasa.gov/archive/allData/5000/VNP46A2/2018/082/VNP46A2.A2018082.h12v03.001.2020331054746.h5",2018,"082"
"VNP46A2.A2018082.h12v04.001.2020334023136.h5","https://ladsweb.modaps.eosdis.nasa.gov/archive/allData/5000/VNP46A2/2018/082/VNP46A2.A2018082.h12v04.001.2020334023136.h5",2018,"082"
"VNP46A2.A2018082.h12v07.001.2021251121353.h5","https://ladsweb.modaps.eosdis.nasa.gov/archive/allData/5000/VNP46A2/2018/082/VNP46A2.A2018082.h12v07.001.2021251121353.h5",2018,"082"
"VNP46A2.A2018082.h12v08.001.2020334105917.h5","https://ladsweb.modaps.eosdis.nasa.gov/archive/allData/5000/VNP46A2/2018/082/VNP46A2.A2018082.h12v08.001.2020334105917.h5",2018,"082"
"VNP46A2.A2018082.h12v09.001.2020335130204.h5","https://ladsweb.modaps.eosdis.nasa.gov/archive/allData/5000/VNP46A2/2018/082/VNP46A2.A2018082.h12v09.001.2020335130204.h5",2018,"082"
"VNP46A2.A2018082.h12v10.001.2020335113346.h5","https://ladsweb.modaps.eosdis.nasa.gov/archive/allData/5000/VNP46A2/2018/082/VNP46A2.A2018082.h12v10.001.2020335113346.h5",2018,"082"
"VNP46A2.A2018082.h12v11.001.2020336001934.h5","https://ladsweb.modaps.eosdis.nasa.gov/archive/allData/5000/VNP46A2/2018/082/VNP46A2.A2018082.h12v11.001.2020336001934.h5",2018,"082"
"VNP46A2.A2018082.h12v12.001.2020335021307.h5","https://ladsweb.modaps.eosdis.nasa.gov/archive/allData/5000/VNP46A2/2018/082/VNP46A2.A2018082.h12v12.001.2020335021307.h5",2018,"082"
"VNP46A2.A2018082.h12v14.001.2020333185033.h5","https://ladsweb.modaps.eosdis.nasa.gov/archive/allData/5000/VNP46A2/2018/082/VNP46A2.A2018082.h12v14.001.2020333185033.h5",2018,"082"
"VNP46A2.A2018082.h12v15.001.2020331062122.h5","https://ladsweb.modaps.eosdis.nasa.gov/archive/allData/5000/VNP46A2/2018/082/VNP46A2.A2018082.h12v15.001.2020331062122.h5",2018,"082"
"VNP46A2.A2018082.h12v16.001.2020331005836.h5","https://ladsweb.modaps.eosdis.nasa.gov/archive/allData/5000/VNP46A2/2018/082/VNP46A2.A2018082.h12v16.001.2020331005836.h5",2018,"082"
"VNP46A2.A2018082.h12v17.001.2020331004353.h5","https://ladsweb.modaps.eosdis.nasa.gov/archive/allData/5000/VNP46A2/2018/082/VNP46A2.A2018082.h12v17.001.2020331004353.h5",2018,"082"
"VNP46A2.A2018082.h13v00.001.2020331023004.h5","https://ladsweb.modaps.eosdis.nasa.gov/archive/allData/5000/VNP46A2/2018/082/VNP46A2.A2018082.h13v00.001.2020331023004.h5",2018,"082"
"VNP46A2.A2018082.h13v01.001.2020332121436.h5","https://ladsweb.modaps.eosdis.nasa.gov/archive/allData/5000/VNP46A2/2018/082/VNP46A2.A2018082.h13v01.001.2020332121436.h5",2018,"082"
"VNP46A2.A2018082.h13v02.001.2020332082346.h5","https://ladsweb.modaps.eosdis.nasa.gov/archive/allData/5000/VNP46A2/2018/082/VNP46A2.A2018082.h13v02.001.2020332082346.h5",2018,"082"
"VNP46A2.A2018082.h13v08.001.2020333134536.h5","https://ladsweb.modaps.eosdis.nasa.gov/archive/allData/5000/VNP46A2/2018/082/VNP46A2.A2018082.h13v08.001.2020333134536.h5",2018,"082"
"VNP46A2.A2018082.h13v09.001.2020335014324.h5","https://ladsweb.modaps.eosdis.nasa.gov/archive/allData/5000/VNP46A2/2018/082/VNP46A2.A2018082.h13v09.001.2020335014324.h5",2018,"082"
"VNP46A2.A2018082.h13v10.001.2020335173915.h5","https://ladsweb.modaps.eosdis.nasa.gov/archive/allData/5000/VNP46A2/2018/082/VNP46A2.A2018082.h13v10.001.2020335173915.h5",2018,"082"
"VNP46A2.A2018082.h13v11.001.2020334172311.h5","https://ladsweb.modaps.eosdis.nasa.gov/archive/allData/5000/VNP46A2/2018/082/VNP46A2.A2018082.h13v11.001.2020334172311.h5",2018,"082"
"VNP46A2.A2018082.h13v15.001.2020331012941.h5","https://ladsweb.modaps.eosdis.nasa.gov/archive/allData/5000/VNP46A2/2018/082/VNP46A2.A2018082.h13v15.001.2020331012941.h5",2018,"082"
"VNP46A2.A2018082.h13v16.001.2020331015936.h5","https://ladsweb.modaps.eosdis.nasa.gov/archive/allData/5000/VNP46A2/2018/082/VNP46A2.A2018082.h13v16.001.2020331015936.h5",2018,"082"
"VNP46A2.A2018082.h13v17.001.2020331004719.h5","https://ladsweb.modaps.eosdis.nasa.gov/archive/allData/5000/VNP46A2/2018/082/VNP46A2.A2018082.h13v17.001.2020331004719.h5",2018,"082"
"VNP46A2.A2018082.h14v00.001.2020331032147.h5","https://ladsweb.modaps.eosdis.nasa.gov/archive/allData/5000/VNP46A2/2018/082/VNP46A2.A2018082.h14v00.001.2020331032147.h5",2018,"082"
"VNP46A2.A2018082.h14v01.001.2020332103309.h5","https://ladsweb.modaps.eosdis.nasa.gov/archive/allData/5000/VNP46A2/2018/082/VNP46A2.A2018082.h14v01.001.2020332103309.h5",2018,"082"
"VNP46A2.A2018082.h14v02.001.2020331160235.h5","https://ladsweb.modaps.eosdis.nasa.gov/archive/allData/5000/VNP46A2/2018/082/VNP46A2.A2018082.h14v02.001.2020331160235.h5",2018,"082"
"VNP46A2.A2018082.h14v09.001.2020333221854.h5","https://ladsweb.modaps.eosdis.nasa.gov/archive/allData/5000/VNP46A2/2018/082/VNP46A2.A2018082.h14v09.001.2020333221854.h5",2018,"082"
"VNP46A2.A2018082.h14v10.001.2020333202225.h5","https://ladsweb.modaps.eosdis.nasa.gov/archive/allData/5000/VNP46A2/2018/082/VNP46A2.A2018082.h14v10.001.2020333202225.h5",2018,"082"
"VNP46A2.A2018082.h14v14.001.2020333175316.h5","https://ladsweb.modaps.eosdis.nasa.gov/archive/allData/5000/VNP46A2/2018/082/VNP46A2.A2018082.h14v14.001.2020333175316.h5",2018,"082"
"VNP46A2.A2018082.h14v16.001.2020331024230.h5","https://ladsweb.modaps.eosdis.nasa.gov/archive/allData/5000/VNP46A2/2018/082/VNP46A2.A2018082.h14v16.001.2020331024230.h5",2018,"082"
"VNP46A2.A2018082.h14v17.001.2020331004331.h5","https://ladsweb.modaps.eosdis.nasa.gov/archive/allData/5000/VNP46A2/2018/082/VNP46A2.A2018082.h14v17.001.2020331004331.h5",2018,"082"
"VNP46A2.A2018082.h15v00.001.2020331023006.h5","https://ladsweb.modaps.eosdis.nasa.gov/archive/allData/5000/VNP46A2/2018/082/VNP46A2.A2018082.h15v00.001.2020331023006.h5",2018,"082"
"VNP46A2.A2018082.h15v01.001.2020332021125.h5","https://ladsweb.modaps.eosdis.nasa.gov/archive/allData/5000/VNP46A2/2018/082/VNP46A2.A2018082.h15v01.001.2020332021125.h5",2018,"082"
"VNP46A2.A2018082.h15v02.001.2020331104557.h5","https://ladsweb.modaps.eosdis.nasa.gov/archive/allData/5000/VNP46A2/2018/082/VNP46A2.A2018082.h15v02.001.2020331104557.h5",2018,"082"
"VNP46A2.A2018082.h15v03.001.2020331004334.h5","https://ladsweb.modaps.eosdis.nasa.gov/archive/allData/5000/VNP46A2/2018/082/VNP46A2.A2018082.h15v03.001.2020331004334.h5",2018,"082"
"VNP46A2.A2018082.h15v05.001.2020333164333.h5","https://ladsweb.modaps.eosdis.nasa.gov/archive/allData/5000/VNP46A2/2018/082/VNP46A2.A2018082.h15v05.001.2020333164333.h5",2018,"082"
"VNP46A2.A2018082.h15v07.001.2020333151248.h5","https://ladsweb.modaps.eosdis.nasa.gov/archive/allData/5000/VNP46A2/2018/082/VNP46A2.A2018082.h15v07.001.2020333151248.h5",2018,"082"
"VNP46A2.A2018082.h15v14.001.2020333162701.h5","https://ladsweb.modaps.eosdis.nasa.gov/archive/allData/5000/VNP46A2/2018/082/VNP46A2.A2018082.h15v14.001.2020333162701.h5",2018,"082"
"VNP46A2.A2018082.h15v16.001.2020331042223.h5","https://ladsweb.modaps.eosdis.nasa.gov/archive/allData/5000/VNP46A2/2018/082/VNP46A2.A2018082.h15v16.001.2020331042223.h5",2018,"082"
"VNP46A2.A2018082.h15v17.001.2020331011436.h5","https://ladsweb.modaps.eosdis.nasa.gov/archive/allData/5000/VNP46A2/2018/082/VNP46A2.A2018082.h15v17.001.2020331011436.h5",2018,"082"
"VNP46A2.A2018082.h16v00.001.2020331013847.h5","https://ladsweb.modaps.eosdis.nasa.gov/archive/allData/5000/VNP46A2/2018/082/VNP46A2.A2018082.h16v00.001.2020331013847.h5",2018,"082"
"VNP46A2.A2018082.h16v01.001.2020331020020.h5","https://ladsweb.modaps.eosdis.nasa.gov/archive/allData/5000/VNP46A2/2018/082/VNP46A2.A2018082.h16v01.001.2020331020020.h5",2018,"082"
"VNP46A2.A2018082.h16v02.001.2020331064054.h5","https://ladsweb.modaps.eosdis.nasa.gov/archive/allData/5000/VNP46A2/2018/082/VNP46A2.A2018082.h16v02.001.2020331064054.h5",2018,"082"
"VNP46A2.A2018082.h16v03.001.2020331004333.h5","https://ladsweb.modaps.eosdis.nasa.gov/archive/allData/5000/VNP46A2/2018/082/VNP46A2.A2018082.h16v03.001.2020331004333.h5",2018,"082"
"VNP46A2.A2018082.h16v05.001.2020333133429.h5","https://ladsweb.modaps.eosdis.nasa.gov/archive/allData/5000/VNP46A2/2018/082/VNP46A2.A2018082.h16v05.001.2020333133429.h5",2018,"082"
"VNP46A2.A2018082.h16v06.001.2020334121400.h5","https://ladsweb.modaps.eosdis.nasa.gov/archive/allData/5000/VNP46A2/2018/082/VNP46A2.A2018082.h16v06.001.2020334121400.h5",2018,"082"
"VNP46A2.A2018082.h16v07.001.2020334234303.h5","https://ladsweb.modaps.eosdis.nasa.gov/archive/allData/5000/VNP46A2/2018/082/VNP46A2.A2018082.h16v07.001.2020334234303.h5",2018,"082"
"VNP46A2.A2018082.h16v08.001.2020333202531.h5","https://ladsweb.modaps.eosdis.nasa.gov/archive/allData/5000/VNP46A2/2018/082/VNP46A2.A2018082.h16v08.001.2020333202531.h5",2018,"082"
"VNP46A2.A2018082.h16v12.001.2020333125722.h5","https://ladsweb.modaps.eosdis.nasa.gov/archive/allData/5000/VNP46A2/2018/082/VNP46A2.A2018082.h16v12.001.2020333125722.h5",2018,"082"
"VNP46A2.A2018082.h16v16.001.2020331063714.h5","https://ladsweb.modaps.eosdis.nasa.gov/archive/allData/5000/VNP46A2/2018/082/VNP46A2.A2018082.h16v16.001.2020331063714.h5",2018,"082"
"VNP46A2.A2018082.h16v17.001.2020331004724.h5","https://ladsweb.modaps.eosdis.nasa.gov/archive/allData/5000/VNP46A2/2018/082/VNP46A2.A2018082.h16v17.001.2020331004724.h5",2018,"082"
"VNP46A2.A2018082.h17v01.001.2020331005344.h5","https://ladsweb.modaps.eosdis.nasa.gov/archive/allData/5000/VNP46A2/2018/082/VNP46A2.A2018082.h17v01.001.2020331005344.h5",2018,"082"
"VNP46A2.A2018082.h17v02.001.2020331004448.h5","https://ladsweb.modaps.eosdis.nasa.gov/archive/allData/5000/VNP46A2/2018/082/VNP46A2.A2018082.h17v02.001.2020331004448.h5",2018,"082"
"VNP46A2.A2018082.h17v03.001.2020331175900.h5","https://ladsweb.modaps.eosdis.nasa.gov/archive/allData/5000/VNP46A2/2018/082/VNP46A2.A2018082.h17v03.001.2020331175900.h5",2018,"082"
"VNP46A2.A2018082.h17v04.001.2020334124511.h5","https://ladsweb.modaps.eosdis.nasa.gov/archive/allData/5000/VNP46A2/2018/082/VNP46A2.A2018082.h17v04.001.2020334124511.h5",2018,"082"
"VNP46A2.A2018082.h17v05.001.2020335062459.h5","https://ladsweb.modaps.eosdis.nasa.gov/archive/allData/5000/VNP46A2/2018/082/VNP46A2.A2018082.h17v05.001.2020335062459.h5",2018,"082"
"VNP46A2.A2018082.h17v06.001.2020336072423.h5","https://ladsweb.modaps.eosdis.nasa.gov/archive/allData/5000/VNP46A2/2018/082/VNP46A2.A2018082.h17v06.001.2020336072423.h5",2018,"082"
"VNP46A2.A2018082.h17v07.001.2020336064519.h5","https://ladsweb.modaps.eosdis.nasa.gov/archive/allData/5000/VNP46A2/2018/082/VNP46A2.A2018082.h17v07.001.2020336064519.h5",2018,"082"
"VNP46A2.A2018082.h17v08.001.2020335021328.h5","https://ladsweb.modaps.eosdis.nasa.gov/archive/allData/5000/VNP46A2/2018/082/VNP46A2.A2018082.h17v08.001.2020335021328.h5",2018,"082"
"VNP46A2.A2018082.h17v13.001.2020333155134.h5","https://ladsweb.modaps.eosdis.nasa.gov/archive/allData/5000/VNP46A2/2018/082/VNP46A2.A2018082.h17v13.001.2020333155134.h5",2018,"082"
"VNP46A2.A2018082.h17v15.001.2020331005753.h5","https://ladsweb.modaps.eosdis.nasa.gov/archive/allData/5000/VNP46A2/2018/082/VNP46A2.A2018082.h17v15.001.2020331005753.h5",2018,"082"
"VNP46A2.A2018082.h17v16.001.2020331092007.h5","https://ladsweb.modaps.eosdis.nasa.gov/archive/allData/5000/VNP46A2/2018/082/VNP46A2.A2018082.h17v16.001.2020331092007.h5",2018,"082"
"VNP46A2.A2018082.h17v17.001.2020331005155.h5","https://ladsweb.modaps.eosdis.nasa.gov/archive/allData/5000/VNP46A2/2018/082/VNP46A2.A2018082.h17v17.001.2020331005155.h5",2018,"082"
"VNP46A2.A2018082.h18v02.001.2020331051024.h5","https://ladsweb.modaps.eosdis.nasa.gov/archive/allData/5000/VNP46A2/2018/082/VNP46A2.A2018082.h18v02.001.2020331051024.h5",2018,"082"
"VNP46A2.A2018082.h18v03.001.2020331145028.h5","https://ladsweb.modaps.eosdis.nasa.gov/archive/allData/5000/VNP46A2/2018/082/VNP46A2.A2018082.h18v03.001.2020331145028.h5",2018,"082"
"VNP46A2.A2018082.h18v04.001.2020335021345.h5","https://ladsweb.modaps.eosdis.nasa.gov/archive/allData/5000/VNP46A2/2018/082/VNP46A2.A2018082.h18v04.001.2020335021345.h5",2018,"082"
"VNP46A2.A2018082.h18v05.001.2020335083040.h5","https://ladsweb.modaps.eosdis.nasa.gov/archive/allData/5000/VNP46A2/2018/082/VNP46A2.A2018082.h18v05.001.2020335083040.h5",2018,"082"
"VNP46A2.A2018082.h18v06.001.2020336072424.h5","https://ladsweb.modaps.eosdis.nasa.gov/archive/allData/5000/VNP46A2/2018/082/VNP46A2.A2018082.h18v06.001.2020336072424.h5",2018,"082"
"VNP46A2.A2018082.h18v07.001.2020336062555.h5","https://ladsweb.modaps.eosdis.nasa.gov/archive/allData/5000/VNP46A2/2018/082/VNP46A2.A2018082.h18v07.001.2020336062555.h5",2018,"082"
"VNP46A2.A2018082.h18v08.001.2020334230221.h5","https://ladsweb.modaps.eosdis.nasa.gov/archive/allData/5000/VNP46A2/2018/082/VNP46A2.A2018082.h18v08.001.2020334230221.h5",2018,"082"
"VNP46A2.A2018082.h18v09.001.2020333161737.h5","https://ladsweb.modaps.eosdis.nasa.gov/archive/allData/5000/VNP46A2/2018/082/VNP46A2.A2018082.h18v09.001.2020333161737.h5",2018,"082"
"VNP46A2.A2018082.h18v14.001.2020333170106.h5","https://ladsweb.modaps.eosdis.nasa.gov/archive/allData/5000/VNP46A2/2018/082/VNP46A2.A2018082.h18v14.001.2020333170106.h5",2018,"082"
"VNP46A2.A2018082.h18v15.001.2020331004413.h5","https://ladsweb.modaps.eosdis.nasa.gov/archive/allData/5000/VNP46A2/2018/082/VNP46A2.A2018082.h18v15.001.2020331004413.h5",2018,"082"
"VNP46A2.A2018082.h18v16.001.2020331103301.h5","https://ladsweb.modaps.eosdis.nasa.gov/archive/allData/5000/VNP46A2/2018/082/VNP46A2.A2018082.h18v16.001.2020331103301.h5",2018,"082"
"VNP46A2.A2018082.h18v17.001.2020331011524.h5","https://ladsweb.modaps.eosdis.nasa.gov/archive/allData/5000/VNP46A2/2018/082/VNP46A2.A2018082.h18v17.001.2020331011524.h5",2018,"082"
"VNP46A2.A2018082.h19v00.001.2020331005228.h5","https://ladsweb.modaps.eosdis.nasa.gov/archive/allData/5000/VNP46A2/2018/082/VNP46A2.A2018082.h19v00.001.2020331005228.h5",2018,"082"
"VNP46A2.A2018082.h19v01.001.2020331084507.h5","https://ladsweb.modaps.eosdis.nasa.gov/archive/allData/5000/VNP46A2/2018/082/VNP46A2.A2018082.h19v01.001.2020331084507.h5",2018,"082"
"VNP46A2.A2018082.h19v02.001.2020332040605.h5","https://ladsweb.modaps.eosdis.nasa.gov/archive/allData/5000/VNP46A2/2018/082/VNP46A2.A2018082.h19v02.001.2020332040605.h5",2018,"082"
"VNP46A2.A2018082.h19v03.001.2020332051837.h5","https://ladsweb.modaps.eosdis.nasa.gov/archive/allData/5000/VNP46A2/2018/082/VNP46A2.A2018082.h19v03.001.2020332051837.h5",2018,"082"
"VNP46A2.A2018082.h19v04.001.2020335002952.h5","https://ladsweb.modaps.eosdis.nasa.gov/archive/allData/5000/VNP46A2/2018/082/VNP46A2.A2018082.h19v04.001.2020335002952.h5",2018,"082"
"VNP46A2.A2018082.h19v05.001.2020334075318.h5","https://ladsweb.modaps.eosdis.nasa.gov/archive/allData/5000/VNP46A2/2018/082/VNP46A2.A2018082.h19v05.001.2020334075318.h5",2018,"082"
"VNP46A2.A2018082.h19v06.001.2020336052901.h5","https://ladsweb.modaps.eosdis.nasa.gov/archive/allData/5000/VNP46A2/2018/082/VNP46A2.A2018082.h19v06.001.2020336052901.h5",2018,"082"
"VNP46A2.A2018082.h19v07.001.2020336074338.h5","https://ladsweb.modaps.eosdis.nasa.gov/archive/allData/5000/VNP46A2/2018/082/VNP46A2.A2018082.h19v07.001.2020336074338.h5",2018,"082"
"VNP46A2.A2018082.h19v08.001.2020336001926.h5","https://ladsweb.modaps.eosdis.nasa.gov/archive/allData/5000/VNP46A2/2018/082/VNP46A2.A2018082.h19v08.001.2020336001926.h5",2018,"082"
"VNP46A2.A2018082.h19v09.001.2020335021307.h5","https://ladsweb.modaps.eosdis.nasa.gov/archive/allData/5000/VNP46A2/2018/082/VNP46A2.A2018082.h19v09.001.2020335021307.h5",2018,"082"
"VNP46A2.A2018082.h19v10.001.2020334220321.h5","https://ladsweb.modaps.eosdis.nasa.gov/archive/allData/5000/VNP46A2/2018/082/VNP46A2.A2018082.h19v10.001.2020334220321.h5",2018,"082"
"VNP46A2.A2018082.h19v11.001.2020334182124.h5","https://ladsweb.modaps.eosdis.nasa.gov/archive/allData/5000/VNP46A2/2018/082/VNP46A2.A2018082.h19v11.001.2020334182124.h5",2018,"082"
"VNP46A2.A2018082.h19v12.001.2020333183856.h5","https://ladsweb.modaps.eosdis.nasa.gov/archive/allData/5000/VNP46A2/2018/082/VNP46A2.A2018082.h19v12.001.2020333183856.h5",2018,"082"
"VNP46A2.A2018082.h19v15.001.2020331004444.h5","https://ladsweb.modaps.eosdis.nasa.gov/archive/allData/5000/VNP46A2/2018/082/VNP46A2.A2018082.h19v15.001.2020331004444.h5",2018,"082"
"VNP46A2.A2018082.h19v16.001.2020331094838.h5","https://ladsweb.modaps.eosdis.nasa.gov/archive/allData/5000/VNP46A2/2018/082/VNP46A2.A2018082.h19v16.001.2020331094838.h5",2018,"082"
"VNP46A2.A2018082.h19v17.001.2020331005201.h5","https://ladsweb.modaps.eosdis.nasa.gov/archive/allData/5000/VNP46A2/2018/082/VNP46A2.A2018082.h19v17.001.2020331005201.h5",2018,"082"
"VNP46A2.A2018082.h20v00.001.2020331004443.h5","https://ladsweb.modaps.eosdis.nasa.gov/archive/allData/5000/VNP46A2/2018/082/VNP46A2.A2018082.h20v00.001.2020331004443.h5",2018,"082"
"VNP46A2.A2018082.h20v01.001.2020331074237.h5","https://ladsweb.modaps.eosdis.nasa.gov/archive/allData/5000/VNP46A2/2018/082/VNP46A2.A2018082.h20v01.001.2020331074237.h5",2018,"082"
"VNP46A2.A2018082.h20v02.001.2020332083532.h5","https://ladsweb.modaps.eosdis.nasa.gov/archive/allData/5000/VNP46A2/2018/082/VNP46A2.A2018082.h20v02.001.2020332083532.h5",2018,"082"
"VNP46A2.A2018082.h20v03.001.2020332123411.h5","https://ladsweb.modaps.eosdis.nasa.gov/archive/allData/5000/VNP46A2/2018/082/VNP46A2.A2018082.h20v03.001.2020332123411.h5",2018,"082"
"VNP46A2.A2018082.h20v04.001.2020335053917.h5","https://ladsweb.modaps.eosdis.nasa.gov/archive/allData/5000/VNP46A2/2018/082/VNP46A2.A2018082.h20v04.001.2020335053917.h5",2018,"082"
"VNP46A2.A2018082.h20v05.001.2020334151418.h5","https://ladsweb.modaps.eosdis.nasa.gov/archive/allData/5000/VNP46A2/2018/082/VNP46A2.A2018082.h20v05.001.2020334151418.h5",2018,"082"
"VNP46A2.A2018082.h20v06.001.2020336062606.h5","https://ladsweb.modaps.eosdis.nasa.gov/archive/allData/5000/VNP46A2/2018/082/VNP46A2.A2018082.h20v06.001.2020336062606.h5",2018,"082"
"VNP46A2.A2018082.h20v07.001.2020336074315.h5","https://ladsweb.modaps.eosdis.nasa.gov/archive/allData/5000/VNP46A2/2018/082/VNP46A2.A2018082.h20v07.001.2020336074315.h5",2018,"082"
"VNP46A2.A2018082.h20v08.001.2020335234118.h5","https://ladsweb.modaps.eosdis.nasa.gov/archive/allData/5000/VNP46A2/2018/082/VNP46A2.A2018082.h20v08.001.2020335234118.h5",2018,"082"
"VNP46A2.A2018082.h20v09.001.2020335053905.h5","https://ladsweb.modaps.eosdis.nasa.gov/archive/allData/5000/VNP46A2/2018/082/VNP46A2.A2018082.h20v09.001.2020335053905.h5",2018,"082"
"VNP46A2.A2018082.h20v10.001.2020335141426.h5","https://ladsweb.modaps.eosdis.nasa.gov/archive/allData/5000/VNP46A2/2018/082/VNP46A2.A2018082.h20v10.001.2020335141426.h5",2018,"082"
"VNP46A2.A2018082.h20v11.001.2020336024323.h5","https://ladsweb.modaps.eosdis.nasa.gov/archive/allData/5000/VNP46A2/2018/082/VNP46A2.A2018082.h20v11.001.2020336024323.h5",2018,"082"
"VNP46A2.A2018082.h20v12.001.2020334234316.h5","https://ladsweb.modaps.eosdis.nasa.gov/archive/allData/5000/VNP46A2/2018/082/VNP46A2.A2018082.h20v12.001.2020334234316.h5",2018,"082"
"VNP46A2.A2018082.h20v15.001.2020331004441.h5","https://ladsweb.modaps.eosdis.nasa.gov/archive/allData/5000/VNP46A2/2018/082/VNP46A2.A2018082.h20v15.001.2020331004441.h5",2018,"082"
"VNP46A2.A2018082.h20v16.001.2020331094311.h5","https://ladsweb.modaps.eosdis.nasa.gov/archive/allData/5000/VNP46A2/2018/082/VNP46A2.A2018082.h20v16.001.2020331094311.h5",2018,"082"
"VNP46A2.A2018082.h20v17.001.2020331011948.h5","https://ladsweb.modaps.eosdis.nasa.gov/archive/allData/5000/VNP46A2/2018/082/VNP46A2.A2018082.h20v17.001.2020331011948.h5",2018,"082"
"VNP46A2.A2018082.h21v01.001.2020331005255.h5","https://ladsweb.modaps.eosdis.nasa.gov/archive/allData/5000/VNP46A2/2018/082/VNP46A2.A2018082.h21v01.001.2020331005255.h5",2018,"082"
"VNP46A2.A2018082.h21v02.001.2020332081236.h5","https://ladsweb.modaps.eosdis.nasa.gov/archive/allData/5000/VNP46A2/2018/082/VNP46A2.A2018082.h21v02.001.2020332081236.h5",2018,"082"
"VNP46A2.A2018082.h21v03.001.2020332145333.h5","https://ladsweb.modaps.eosdis.nasa.gov/archive/allData/5000/VNP46A2/2018/082/VNP46A2.A2018082.h21v03.001.2020332145333.h5",2018,"082"
"VNP46A2.A2018082.h21v04.001.2020334214414.h5","https://ladsweb.modaps.eosdis.nasa.gov/archive/allData/5000/VNP46A2/2018/082/VNP46A2.A2018082.h21v04.001.2020334214414.h5",2018,"082"
"VNP46A2.A2018082.h21v05.001.2020335032313.h5","https://ladsweb.modaps.eosdis.nasa.gov/archive/allData/5000/VNP46A2/2018/082/VNP46A2.A2018082.h21v05.001.2020335032313.h5",2018,"082"
"VNP46A2.A2018082.h21v06.001.2020335161025.h5","https://ladsweb.modaps.eosdis.nasa.gov/archive/allData/5000/VNP46A2/2018/082/VNP46A2.A2018082.h21v06.001.2020335161025.h5",2018,"082"
"VNP46A2.A2018082.h21v07.001.2020336054640.h5","https://ladsweb.modaps.eosdis.nasa.gov/archive/allData/5000/VNP46A2/2018/082/VNP46A2.A2018082.h21v07.001.2020336054640.h5",2018,"082"
"VNP46A2.A2018082.h21v08.001.2020336024350.h5","https://ladsweb.modaps.eosdis.nasa.gov/archive/allData/5000/VNP46A2/2018/082/VNP46A2.A2018082.h21v08.001.2020336024350.h5",2018,"082"
"VNP46A2.A2018082.h21v09.001.2020335152413.h5","https://ladsweb.modaps.eosdis.nasa.gov/archive/allData/5000/VNP46A2/2018/082/VNP46A2.A2018082.h21v09.001.2020335152413.h5",2018,"082"
"VNP46A2.A2018082.h21v10.001.2020335124100.h5","https://ladsweb.modaps.eosdis.nasa.gov/archive/allData/5000/VNP46A2/2018/082/VNP46A2.A2018082.h21v10.001.2020335124100.h5",2018,"082"
"VNP46A2.A2018082.h21v11.001.2020334094942.h5","https://ladsweb.modaps.eosdis.nasa.gov/archive/allData/5000/VNP46A2/2018/082/VNP46A2.A2018082.h21v11.001.2020334094942.h5",2018,"082"
"VNP46A2.A2018082.h21v12.001.2020333160901.h5","https://ladsweb.modaps.eosdis.nasa.gov/archive/allData/5000/VNP46A2/2018/082/VNP46A2.A2018082.h21v12.001.2020333160901.h5",2018,"082"
"VNP46A2.A2018082.h21v13.001.2020333144401.h5","https://ladsweb.modaps.eosdis.nasa.gov/archive/allData/5000/VNP46A2/2018/082/VNP46A2.A2018082.h21v13.001.2020333144401.h5",2018,"082"
"VNP46A2.A2018082.h21v15.001.2020331010639.h5","https://ladsweb.modaps.eosdis.nasa.gov/archive/allData/5000/VNP46A2/2018/082/VNP46A2.A2018082.h21v15.001.2020331010639.h5",2018,"082"
"VNP46A2.A2018082.h21v16.001.2020331103526.h5","https://ladsweb.modaps.eosdis.nasa.gov/archive/allData/5000/VNP46A2/2018/082/VNP46A2.A2018082.h21v16.001.2020331103526.h5",2018,"082"
"VNP46A2.A2018082.h21v17.001.2020331012451.h5","https://ladsweb.modaps.eosdis.nasa.gov/archive/allData/5000/VNP46A2/2018/082/VNP46A2.A2018082.h21v17.001.2020331012451.h5",2018,"082"
"VNP46A2.A2018082.h22v02.001.2020332052927.h5","https://ladsweb.modaps.eosdis.nasa.gov/archive/allData/5000/VNP46A2/2018/082/VNP46A2.A2018082.h22v02.001.2020332052927.h5",2018,"082"
"VNP46A2.A2018082.h22v03.001.2020333001129.h5","https://ladsweb.modaps.eosdis.nasa.gov/archive/allData/5000/VNP46A2/2018/082/VNP46A2.A2018082.h22v03.001.2020333001129.h5",2018,"082"
"VNP46A2.A2018082.h22v04.001.2020335202923.h5","https://ladsweb.modaps.eosdis.nasa.gov/archive/allData/5000/VNP46A2/2018/082/VNP46A2.A2018082.h22v04.001.2020335202923.h5",2018,"082"
"VNP46A2.A2018082.h22v05.001.2020336001903.h5","https://ladsweb.modaps.eosdis.nasa.gov/archive/allData/5000/VNP46A2/2018/082/VNP46A2.A2018082.h22v05.001.2020336001903.h5",2018,"082"
"VNP46A2.A2018082.h22v06.001.2020335230357.h5","https://ladsweb.modaps.eosdis.nasa.gov/archive/allData/5000/VNP46A2/2018/082/VNP46A2.A2018082.h22v06.001.2020335230357.h5",2018,"082"
"VNP46A2.A2018082.h22v07.001.2020335141412.h5","https://ladsweb.modaps.eosdis.nasa.gov/archive/allData/5000/VNP46A2/2018/082/VNP46A2.A2018082.h22v07.001.2020335141412.h5",2018,"082"
"VNP46A2.A2018082.h22v08.001.2020335182037.h5","https://ladsweb.modaps.eosdis.nasa.gov/archive/allData/5000/VNP46A2/2018/082/VNP46A2.A2018082.h22v08.001.2020335182037.h5",2018,"082"
"VNP46A2.A2018082.h22v09.001.2020333162637.h5","https://ladsweb.modaps.eosdis.nasa.gov/archive/allData/5000/VNP46A2/2018/082/VNP46A2.A2018082.h22v09.001.2020333162637.h5",2018,"082"
"VNP46A2.A2018082.h22v10.001.2020334020433.h5","https://ladsweb.modaps.eosdis.nasa.gov/archive/allData/5000/VNP46A2/2018/082/VNP46A2.A2018082.h22v10.001.2020334020433.h5",2018,"082"
"VNP46A2.A2018082.h22v11.001.2020334030156.h5","https://ladsweb.modaps.eosdis.nasa.gov/archive/allData/5000/VNP46A2/2018/082/VNP46A2.A2018082.h22v11.001.2020334030156.h5",2018,"082"
"VNP46A2.A2018082.h22v15.001.2020331035847.h5","https://ladsweb.modaps.eosdis.nasa.gov/archive/allData/5000/VNP46A2/2018/082/VNP46A2.A2018082.h22v15.001.2020331035847.h5",2018,"082"
"VNP46A2.A2018082.h22v16.001.2020331113417.h5","https://ladsweb.modaps.eosdis.nasa.gov/archive/allData/5000/VNP46A2/2018/082/VNP46A2.A2018082.h22v16.001.2020331113417.h5",2018,"082"
"VNP46A2.A2018082.h22v17.001.2020331010327.h5","https://ladsweb.modaps.eosdis.nasa.gov/archive/allData/5000/VNP46A2/2018/082/VNP46A2.A2018082.h22v17.001.2020331010327.h5",2018,"082"
"VNP46A2.A2018082.h23v00.001.2020331005848.h5","https://ladsweb.modaps.eosdis.nasa.gov/archive/allData/5000/VNP46A2/2018/082/VNP46A2.A2018082.h23v00.001.2020331005848.h5",2018,"082"
"VNP46A2.A2018082.h23v01.001.2020331054816.h5","https://ladsweb.modaps.eosdis.nasa.gov/archive/allData/5000/VNP46A2/2018/082/VNP46A2.A2018082.h23v01.001.2020331054816.h5",2018,"082"
"VNP46A2.A2018082.h23v02.001.2020332112916.h5","https://ladsweb.modaps.eosdis.nasa.gov/archive/allData/5000/VNP46A2/2018/082/VNP46A2.A2018082.h23v02.001.2020332112916.h5",2018,"082"
"VNP46A2.A2018082.h23v03.001.2020333025914.h5","https://ladsweb.modaps.eosdis.nasa.gov/archive/allData/5000/VNP46A2/2018/082/VNP46A2.A2018082.h23v03.001.2020333025914.h5",2018,"082"
"VNP46A2.A2018082.h23v04.001.2020335234217.h5","https://ladsweb.modaps.eosdis.nasa.gov/archive/allData/5000/VNP46A2/2018/082/VNP46A2.A2018082.h23v04.001.2020335234217.h5",2018,"082"
"VNP46A2.A2018082.h23v05.001.2020335190443.h5","https://ladsweb.modaps.eosdis.nasa.gov/archive/allData/5000/VNP46A2/2018/082/VNP46A2.A2018082.h23v05.001.2020335190443.h5",2018,"082"
"VNP46A2.A2018082.h23v06.001.2020335104328.h5","https://ladsweb.modaps.eosdis.nasa.gov/archive/allData/5000/VNP46A2/2018/082/VNP46A2.A2018082.h23v06.001.2020335104328.h5",2018,"082"
"VNP46A2.A2018082.h23v07.001.2020334140431.h5","https://ladsweb.modaps.eosdis.nasa.gov/archive/allData/5000/VNP46A2/2018/082/VNP46A2.A2018082.h23v07.001.2020334140431.h5",2018,"082"
"VNP46A2.A2018082.h23v08.001.2020333153348.h5","https://ladsweb.modaps.eosdis.nasa.gov/archive/allData/5000/VNP46A2/2018/082/VNP46A2.A2018082.h23v08.001.2020333153348.h5",2018,"082"
"VNP46A2.A2018082.h23v09.001.2020333133426.h5","https://ladsweb.modaps.eosdis.nasa.gov/archive/allData/5000/VNP46A2/2018/082/VNP46A2.A2018082.h23v09.001.2020333133426.h5",2018,"082"
"VNP46A2.A2018082.h23v10.001.2020333140438.h5","https://ladsweb.modaps.eosdis.nasa.gov/archive/allData/5000/VNP46A2/2018/082/VNP46A2.A2018082.h23v10.001.2020333140438.h5",2018,"082"
"VNP46A2.A2018082.h23v11.001.2020333142101.h5","https://ladsweb.modaps.eosdis.nasa.gov/archive/allData/5000/VNP46A2/2018/082/VNP46A2.A2018082.h23v11.001.2020333142101.h5",2018,"082"
"VNP46A2.A2018082.h23v13.001.2020333151418.h5","https://ladsweb.modaps.eosdis.nasa.gov/archive/allData/5000/VNP46A2/2018/082/VNP46A2.A2018082.h23v13.001.2020333151418.h5",2018,"082"
"VNP46A2.A2018082.h23v15.001.2020331071257.h5","https://ladsweb.modaps.eosdis.nasa.gov/archive/allData/5000/VNP46A2/2018/082/VNP46A2.A2018082.h23v15.001.2020331071257.h5",2018,"082"
"VNP46A2.A2018082.h23v16.001.2020331130627.h5","https://ladsweb.modaps.eosdis.nasa.gov/archive/allData/5000/VNP46A2/2018/082/VNP46A2.A2018082.h23v16.001.2020331130627.h5",2018,"082"
"VNP46A2.A2018082.h23v17.001.2020331010643.h5","https://ladsweb.modaps.eosdis.nasa.gov/archive/allData/5000/VNP46A2/2018/082/VNP46A2.A2018082.h23v17.001.2020331010643.h5",2018,"082"
"VNP46A2.A2018082.h24v00.001.2020331005943.h5","https://ladsweb.modaps.eosdis.nasa.gov/archive/allData/5000/VNP46A2/2018/082/VNP46A2.A2018082.h24v00.001.2020331005943.h5",2018,"082"
"VNP46A2.A2018082.h24v01.001.2020331042611.h5","https://ladsweb.modaps.eosdis.nasa.gov/archive/allData/5000/VNP46A2/2018/082/VNP46A2.A2018082.h24v01.001.2020331042611.h5",2018,"082"
"VNP46A2.A2018082.h24v02.001.2020332165723.h5","https://ladsweb.modaps.eosdis.nasa.gov/archive/allData/5000/VNP46A2/2018/082/VNP46A2.A2018082.h24v02.001.2020332165723.h5",2018,"082"
"VNP46A2.A2018082.h24v03.001.2020333124656.h5","https://ladsweb.modaps.eosdis.nasa.gov/archive/allData/5000/VNP46A2/2018/082/VNP46A2.A2018082.h24v03.001.2020333124656.h5",2018,"082"
"VNP46A2.A2018082.h24v04.001.2020336042857.h5","https://ladsweb.modaps.eosdis.nasa.gov/archive/allData/5000/VNP46A2/2018/082/VNP46A2.A2018082.h24v04.001.2020336042857.h5",2018,"082"
"VNP46A2.A2018082.h24v05.001.2020336052716.h5","https://ladsweb.modaps.eosdis.nasa.gov/archive/allData/5000/VNP46A2/2018/082/VNP46A2.A2018082.h24v05.001.2020336052716.h5",2018,"082"
"VNP46A2.A2018082.h24v06.001.2020335070516.h5","https://ladsweb.modaps.eosdis.nasa.gov/archive/allData/5000/VNP46A2/2018/082/VNP46A2.A2018082.h24v06.001.2020335070516.h5",2018,"082"
"VNP46A2.A2018082.h24v13.001.2020333150743.h5","https://ladsweb.modaps.eosdis.nasa.gov/archive/allData/5000/VNP46A2/2018/082/VNP46A2.A2018082.h24v13.001.2020333150743.h5",2018,"082"
"VNP46A2.A2018082.h24v15.001.2020331052245.h5","https://ladsweb.modaps.eosdis.nasa.gov/archive/allData/5000/VNP46A2/2018/082/VNP46A2.A2018082.h24v15.001.2020331052245.h5",2018,"082"
"VNP46A2.A2018082.h24v17.001.2020331004403.h5","https://ladsweb.modaps.eosdis.nasa.gov/archive/allData/5000/VNP46A2/2018/082/VNP46A2.A2018082.h24v17.001.2020331004403.h5",2018,"082"
"VNP46A2.A2018082.h25v01.001.2020331064446.h5","https://ladsweb.modaps.eosdis.nasa.gov/archive/allData/5000/VNP46A2/2018/082/VNP46A2.A2018082.h25v01.001.2020331064446.h5",2018,"082"
"VNP46A2.A2018082.h25v02.001.2020332144101.h5","https://ladsweb.modaps.eosdis.nasa.gov/archive/allData/5000/VNP46A2/2018/082/VNP46A2.A2018082.h25v02.001.2020332144101.h5",2018,"082"
"VNP46A2.A2018082.h25v03.001.2020333144954.h5","https://ladsweb.modaps.eosdis.nasa.gov/archive/allData/5000/VNP46A2/2018/082/VNP46A2.A2018082.h25v03.001.2020333144954.h5",2018,"082"
"VNP46A2.A2018082.h25v04.001.2020336033325.h5","https://ladsweb.modaps.eosdis.nasa.gov/archive/allData/5000/VNP46A2/2018/082/VNP46A2.A2018082.h25v04.001.2020336033325.h5",2018,"082"
"VNP46A2.A2018082.h25v05.001.2020335214624.h5","https://ladsweb.modaps.eosdis.nasa.gov/archive/allData/5000/VNP46A2/2018/082/VNP46A2.A2018082.h25v05.001.2020335214624.h5",2018,"082"
"VNP46A2.A2018082.h25v06.001.2020335124141.h5","https://ladsweb.modaps.eosdis.nasa.gov/archive/allData/5000/VNP46A2/2018/082/VNP46A2.A2018082.h25v06.001.2020335124141.h5",2018,"082"
"VNP46A2.A2018082.h25v07.001.2020334140446.h5","https://ladsweb.modaps.eosdis.nasa.gov/archive/allData/5000/VNP46A2/2018/082/VNP46A2.A2018082.h25v07.001.2020334140446.h5",2018,"082"
"VNP46A2.A2018082.h25v08.001.2020333183905.h5","https://ladsweb.modaps.eosdis.nasa.gov/archive/allData/5000/VNP46A2/2018/082/VNP46A2.A2018082.h25v08.001.2020333183905.h5",2018,"082"
"VNP46A2.A2018082.h25v09.001.2020333140544.h5","https://ladsweb.modaps.eosdis.nasa.gov/archive/allData/5000/VNP46A2/2018/082/VNP46A2.A2018082.h25v09.001.2020333140544.h5",2018,"082"
"VNP46A2.A2018082.h25v13.001.2020333153817.h5","https://ladsweb.modaps.eosdis.nasa.gov/archive/allData/5000/VNP46A2/2018/082/VNP46A2.A2018082.h25v13.001.2020333153817.h5",2018,"082"
"VNP46A2.A2018082.h25v14.001.2020333162246.h5","https://ladsweb.modaps.eosdis.nasa.gov/archive/allData/5000/VNP46A2/2018/082/VNP46A2.A2018082.h25v14.001.2020333162246.h5",2018,"082"
"VNP46A2.A2018082.h25v15.001.2020331011621.h5","https://ladsweb.modaps.eosdis.nasa.gov/archive/allData/5000/VNP46A2/2018/082/VNP46A2.A2018082.h25v15.001.2020331011621.h5",2018,"082"
"VNP46A2.A2018082.h25v16.001.2020331180151.h5","https://ladsweb.modaps.eosdis.nasa.gov/archive/allData/5000/VNP46A2/2018/082/VNP46A2.A2018082.h25v16.001.2020331180151.h5",2018,"082"
"VNP46A2.A2018082.h25v17.001.2020331004344.h5","https://ladsweb.modaps.eosdis.nasa.gov/archive/allData/5000/VNP46A2/2018/082/VNP46A2.A2018082.h25v17.001.2020331004344.h5",2018,"082"
"VNP46A2.A2018082.h26v01.001.2020331122456.h5","https://ladsweb.modaps.eosdis.nasa.gov/archive/allData/5000/VNP46A2/2018/082/VNP46A2.A2018082.h26v01.001.2020331122456.h5",2018,"082"
"VNP46A2.A2018082.h26v02.001.2020333035403.h5","https://ladsweb.modaps.eosdis.nasa.gov/archive/allData/5000/VNP46A2/2018/082/VNP46A2.A2018082.h26v02.001.2020333035403.h5",2018,"082"
"VNP46A2.A2018082.h26v03.001.2020333113830.h5","https://ladsweb.modaps.eosdis.nasa.gov/archive/allData/5000/VNP46A2/2018/082/VNP46A2.A2018082.h26v03.001.2020333113830.h5",2018,"082"
"VNP46A2.A2018082.h26v04.001.2020336062614.h5","https://ladsweb.modaps.eosdis.nasa.gov/archive/allData/5000/VNP46A2/2018/082/VNP46A2.A2018082.h26v04.001.2020336062614.h5",2018,"082"
"VNP46A2.A2018082.h26v05.001.2020336042833.h5","https://ladsweb.modaps.eosdis.nasa.gov/archive/allData/5000/VNP46A2/2018/082/VNP46A2.A2018082.h26v05.001.2020336042833.h5",2018,"082"
"VNP46A2.A2018082.h26v06.001.2020335100014.h5","https://ladsweb.modaps.eosdis.nasa.gov/archive/allData/5000/VNP46A2/2018/082/VNP46A2.A2018082.h26v06.001.2020335100014.h5",2018,"082"
"VNP46A2.A2018082.h26v07.001.2020334010552.h5","https://ladsweb.modaps.eosdis.nasa.gov/archive/allData/5000/VNP46A2/2018/082/VNP46A2.A2018082.h26v07.001.2020334010552.h5",2018,"082"
"VNP46A2.A2018082.h26v08.001.2020333170046.h5","https://ladsweb.modaps.eosdis.nasa.gov/archive/allData/5000/VNP46A2/2018/082/VNP46A2.A2018082.h26v08.001.2020333170046.h5",2018,"082"
"VNP46A2.A2018082.h26v15.001.2020331085002.h5","https://ladsweb.modaps.eosdis.nasa.gov/archive/allData/5000/VNP46A2/2018/082/VNP46A2.A2018082.h26v15.001.2020331085002.h5",2018,"082"
"VNP46A2.A2018082.h26v16.001.2020331203752.h5","https://ladsweb.modaps.eosdis.nasa.gov/archive/allData/5000/VNP46A2/2018/082/VNP46A2.A2018082.h26v16.001.2020331203752.h5",2018,"082"
"VNP46A2.A2018082.h26v17.001.2020331004413.h5","https://ladsweb.modaps.eosdis.nasa.gov/archive/allData/5000/VNP46A2/2018/082/VNP46A2.A2018082.h26v17.001.2020331004413.h5",2018,"082"
"VNP46A2.A2018082.h27v00.001.2020331010732.h5","https://ladsweb.modaps.eosdis.nasa.gov/archive/allData/5000/VNP46A2/2018/082/VNP46A2.A2018082.h27v00.001.2020331010732.h5",2018,"082"
"VNP46A2.A2018082.h27v01.001.2020331235038.h5","https://ladsweb.modaps.eosdis.nasa.gov/archive/allData/5000/VNP46A2/2018/082/VNP46A2.A2018082.h27v01.001.2020331235038.h5",2018,"082"
"VNP46A2.A2018082.h27v02.001.2020333055455.h5","https://ladsweb.modaps.eosdis.nasa.gov/archive/allData/5000/VNP46A2/2018/082/VNP46A2.A2018082.h27v02.001.2020333055455.h5",2018,"082"
"VNP46A2.A2018082.h27v03.001.2020333122426.h5","https://ladsweb.modaps.eosdis.nasa.gov/archive/allData/5000/VNP46A2/2018/082/VNP46A2.A2018082.h27v03.001.2020333122426.h5",2018,"082"
"VNP46A2.A2018082.h27v04.001.2020336062627.h5","https://ladsweb.modaps.eosdis.nasa.gov/archive/allData/5000/VNP46A2/2018/082/VNP46A2.A2018082.h27v04.001.2020336062627.h5",2018,"082"
"VNP46A2.A2018082.h27v05.001.2020336033340.h5","https://ladsweb.modaps.eosdis.nasa.gov/archive/allData/5000/VNP46A2/2018/082/VNP46A2.A2018082.h27v05.001.2020336033340.h5",2018,"082"
"VNP46A2.A2018082.h27v06.001.2020335210736.h5","https://ladsweb.modaps.eosdis.nasa.gov/archive/allData/5000/VNP46A2/2018/082/VNP46A2.A2018082.h27v06.001.2020335210736.h5",2018,"082"
"VNP46A2.A2018082.h27v07.001.2020334112810.h5","https://ladsweb.modaps.eosdis.nasa.gov/archive/allData/5000/VNP46A2/2018/082/VNP46A2.A2018082.h27v07.001.2020334112810.h5",2018,"082"
"VNP46A2.A2018082.h27v08.001.2020333172038.h5","https://ladsweb.modaps.eosdis.nasa.gov/archive/allData/5000/VNP46A2/2018/082/VNP46A2.A2018082.h27v08.001.2020333172038.h5",2018,"082"
"VNP46A2.A2018082.h27v09.001.2020333134245.h5","https://ladsweb.modaps.eosdis.nasa.gov/archive/allData/5000/VNP46A2/2018/082/VNP46A2.A2018082.h27v09.001.2020333134245.h5",2018,"082"
"VNP46A2.A2018082.h27v15.001.2020331104053.h5","https://ladsweb.modaps.eosdis.nasa.gov/archive/allData/5000/VNP46A2/2018/082/VNP46A2.A2018082.h27v15.001.2020331104053.h5",2018,"082"
"VNP46A2.A2018082.h27v16.001.2020331175011.h5","https://ladsweb.modaps.eosdis.nasa.gov/archive/allData/5000/VNP46A2/2018/082/VNP46A2.A2018082.h27v16.001.2020331175011.h5",2018,"082"
"VNP46A2.A2018082.h27v17.001.2020331004358.h5","https://ladsweb.modaps.eosdis.nasa.gov/archive/allData/5000/VNP46A2/2018/082/VNP46A2.A2018082.h27v17.001.2020331004358.h5",2018,"082"
"VNP46A2.A2018082.h28v01.001.2020332004642.h5","https://ladsweb.modaps.eosdis.nasa.gov/archive/allData/5000/VNP46A2/2018/082/VNP46A2.A2018082.h28v01.001.2020332004642.h5",2018,"082"
"VNP46A2.A2018082.h28v02.001.2020333075338.h5","https://ladsweb.modaps.eosdis.nasa.gov/archive/allData/5000/VNP46A2/2018/082/VNP46A2.A2018082.h28v02.001.2020333075338.h5",2018,"082"
"VNP46A2.A2018082.h28v03.001.2020333122219.h5","https://ladsweb.modaps.eosdis.nasa.gov/archive/allData/5000/VNP46A2/2018/082/VNP46A2.A2018082.h28v03.001.2020333122219.h5",2018,"082"
"VNP46A2.A2018082.h28v04.001.2020336072420.h5","https://ladsweb.modaps.eosdis.nasa.gov/archive/allData/5000/VNP46A2/2018/082/VNP46A2.A2018082.h28v04.001.2020336072420.h5",2018,"082"
"VNP46A2.A2018082.h28v05.001.2020336005753.h5","https://ladsweb.modaps.eosdis.nasa.gov/archive/allData/5000/VNP46A2/2018/082/VNP46A2.A2018082.h28v05.001.2020336005753.h5",2018,"082"
"VNP46A2.A2018082.h28v06.001.2020335070508.h5","https://ladsweb.modaps.eosdis.nasa.gov/archive/allData/5000/VNP46A2/2018/082/VNP46A2.A2018082.h28v06.001.2020335070508.h5",2018,"082"
"VNP46A2.A2018082.h28v07.001.2020335014330.h5","https://ladsweb.modaps.eosdis.nasa.gov/archive/allData/5000/VNP46A2/2018/082/VNP46A2.A2018082.h28v07.001.2020335014330.h5",2018,"082"
"VNP46A2.A2018082.h28v08.001.2020333215556.h5","https://ladsweb.modaps.eosdis.nasa.gov/archive/allData/5000/VNP46A2/2018/082/VNP46A2.A2018082.h28v08.001.2020333215556.h5",2018,"082"
"VNP46A2.A2018082.h28v09.001.2020334093601.h5","https://ladsweb.modaps.eosdis.nasa.gov/archive/allData/5000/VNP46A2/2018/082/VNP46A2.A2018082.h28v09.001.2020334093601.h5",2018,"082"
"VNP46A2.A2018082.h28v15.001.2020331121624.h5","https://ladsweb.modaps.eosdis.nasa.gov/archive/allData/5000/VNP46A2/2018/082/VNP46A2.A2018082.h28v15.001.2020331121624.h5",2018,"082"
"VNP46A2.A2018082.h28v16.001.2020331183923.h5","https://ladsweb.modaps.eosdis.nasa.gov/archive/allData/5000/VNP46A2/2018/082/VNP46A2.A2018082.h28v16.001.2020331183923.h5",2018,"082"
"VNP46A2.A2018082.h28v17.001.2020331005201.h5","https://ladsweb.modaps.eosdis.nasa.gov/archive/allData/5000/VNP46A2/2018/082/VNP46A2.A2018082.h28v17.001.2020331005201.h5",2018,"082"
"VNP46A2.A2018082.h29v01.001.2020331123145.h5","https://ladsweb.modaps.eosdis.nasa.gov/archive/allData/5000/VNP46A2/2018/082/VNP46A2.A2018082.h29v01.001.2020331123145.h5",2018,"082"
"VNP46A2.A2018082.h29v02.001.2020333074544.h5","https://ladsweb.modaps.eosdis.nasa.gov/archive/allData/5000/VNP46A2/2018/082/VNP46A2.A2018082.h29v02.001.2020333074544.h5",2018,"082"
"VNP46A2.A2018082.h29v03.001.2020333171855.h5","https://ladsweb.modaps.eosdis.nasa.gov/archive/allData/5000/VNP46A2/2018/082/VNP46A2.A2018082.h29v03.001.2020333171855.h5",2018,"082"
"VNP46A2.A2018082.h29v04.001.2020336072509.h5","https://ladsweb.modaps.eosdis.nasa.gov/archive/allData/5000/VNP46A2/2018/082/VNP46A2.A2018082.h29v04.001.2020336072509.h5",2018,"082"
"VNP46A2.A2018082.h29v05.001.2020335122046.h5","https://ladsweb.modaps.eosdis.nasa.gov/archive/allData/5000/VNP46A2/2018/082/VNP46A2.A2018082.h29v05.001.2020335122046.h5",2018,"082"
"VNP46A2.A2018082.h29v06.001.2020335011908.h5","https://ladsweb.modaps.eosdis.nasa.gov/archive/allData/5000/VNP46A2/2018/082/VNP46A2.A2018082.h29v06.001.2020335011908.h5",2018,"082"
"VNP46A2.A2018082.h29v07.001.2020333160908.h5","https://ladsweb.modaps.eosdis.nasa.gov/archive/allData/5000/VNP46A2/2018/082/VNP46A2.A2018082.h29v07.001.2020333160908.h5",2018,"082"
"VNP46A2.A2018082.h29v08.001.2020334004958.h5","https://ladsweb.modaps.eosdis.nasa.gov/archive/allData/5000/VNP46A2/2018/082/VNP46A2.A2018082.h29v08.001.2020334004958.h5",2018,"082"
"VNP46A2.A2018082.h29v09.001.2020334090911.h5","https://ladsweb.modaps.eosdis.nasa.gov/archive/allData/5000/VNP46A2/2018/082/VNP46A2.A2018082.h29v09.001.2020334090911.h5",2018,"082"
"VNP46A2.A2018082.h29v10.001.2020333152919.h5","https://ladsweb.modaps.eosdis.nasa.gov/archive/allData/5000/VNP46A2/2018/082/VNP46A2.A2018082.h29v10.001.2020333152919.h5",2018,"082"
"VNP46A2.A2018082.h29v11.001.2020334162633.h5","https://ladsweb.modaps.eosdis.nasa.gov/archive/allData/5000/VNP46A2/2018/082/VNP46A2.A2018082.h29v11.001.2020334162633.h5",2018,"082"
"VNP46A2.A2018082.h29v12.001.2020334040826.h5","https://ladsweb.modaps.eosdis.nasa.gov/archive/allData/5000/VNP46A2/2018/082/VNP46A2.A2018082.h29v12.001.2020334040826.h5",2018,"082"
"VNP46A2.A2018082.h29v15.001.2020331103526.h5","https://ladsweb.modaps.eosdis.nasa.gov/archive/allData/5000/VNP46A2/2018/082/VNP46A2.A2018082.h29v15.001.2020331103526.h5",2018,"082"
"VNP46A2.A2018082.h29v16.001.2020331170701.h5","https://ladsweb.modaps.eosdis.nasa.gov/archive/allData/5000/VNP46A2/2018/082/VNP46A2.A2018082.h29v16.001.2020331170701.h5",2018,"082"
"VNP46A2.A2018082.h29v17.001.2020331012006.h5","https://ladsweb.modaps.eosdis.nasa.gov/archive/allData/5000/VNP46A2/2018/082/VNP46A2.A2018082.h29v17.001.2020331012006.h5",2018,"082"
"VNP46A2.A2018082.h30v01.001.2020331100107.h5","https://ladsweb.modaps.eosdis.nasa.gov/archive/allData/5000/VNP46A2/2018/082/VNP46A2.A2018082.h30v01.001.2020331100107.h5",2018,"082"
"VNP46A2.A2018082.h30v02.001.2020333085201.h5","https://ladsweb.modaps.eosdis.nasa.gov/archive/allData/5000/VNP46A2/2018/082/VNP46A2.A2018082.h30v02.001.2020333085201.h5",2018,"082"
"VNP46A2.A2018082.h30v03.001.2020333164545.h5","https://ladsweb.modaps.eosdis.nasa.gov/archive/allData/5000/VNP46A2/2018/082/VNP46A2.A2018082.h30v03.001.2020333164545.h5",2018,"082"
"VNP46A2.A2018082.h30v04.001.2020336003941.h5","https://ladsweb.modaps.eosdis.nasa.gov/archive/allData/5000/VNP46A2/2018/082/VNP46A2.A2018082.h30v04.001.2020336003941.h5",2018,"082"
"VNP46A2.A2018082.h30v05.001.2020334090916.h5","https://ladsweb.modaps.eosdis.nasa.gov/archive/allData/5000/VNP46A2/2018/082/VNP46A2.A2018082.h30v05.001.2020334090916.h5",2018,"082"
"VNP46A2.A2018082.h30v06.001.2020333204258.h5","https://ladsweb.modaps.eosdis.nasa.gov/archive/allData/5000/VNP46A2/2018/082/VNP46A2.A2018082.h30v06.001.2020333204258.h5",2018,"082"
"VNP46A2.A2018082.h30v07.001.2020333190547.h5","https://ladsweb.modaps.eosdis.nasa.gov/archive/allData/5000/VNP46A2/2018/082/VNP46A2.A2018082.h30v07.001.2020333190547.h5",2018,"082"
"VNP46A2.A2018082.h30v08.001.2020333223518.h5","https://ladsweb.modaps.eosdis.nasa.gov/archive/allData/5000/VNP46A2/2018/082/VNP46A2.A2018082.h30v08.001.2020333223518.h5",2018,"082"
"VNP46A2.A2018082.h30v09.001.2020334045613.h5","https://ladsweb.modaps.eosdis.nasa.gov/archive/allData/5000/VNP46A2/2018/082/VNP46A2.A2018082.h30v09.001.2020334045613.h5",2018,"082"
"VNP46A2.A2018082.h30v10.001.2020334103052.h5","https://ladsweb.modaps.eosdis.nasa.gov/archive/allData/5000/VNP46A2/2018/082/VNP46A2.A2018082.h30v10.001.2020334103052.h5",2018,"082"
"VNP46A2.A2018082.h30v11.001.2020336033421.h5","https://ladsweb.modaps.eosdis.nasa.gov/archive/allData/5000/VNP46A2/2018/082/VNP46A2.A2018082.h30v11.001.2020336033421.h5",2018,"082"
"VNP46A2.A2018082.h30v12.001.2020335011936.h5","https://ladsweb.modaps.eosdis.nasa.gov/archive/allData/5000/VNP46A2/2018/082/VNP46A2.A2018082.h30v12.001.2020335011936.h5",2018,"082"
"VNP46A2.A2018082.h30v15.001.2020331103304.h5","https://ladsweb.modaps.eosdis.nasa.gov/archive/allData/5000/VNP46A2/2018/082/VNP46A2.A2018082.h30v15.001.2020331103304.h5",2018,"082"
"VNP46A2.A2018082.h30v16.001.2020331183758.h5","https://ladsweb.modaps.eosdis.nasa.gov/archive/allData/5000/VNP46A2/2018/082/VNP46A2.A2018082.h30v16.001.2020331183758.h5",2018,"082"
"VNP46A2.A2018082.h30v17.001.2020331011038.h5","https://ladsweb.modaps.eosdis.nasa.gov/archive/allData/5000/VNP46A2/2018/082/VNP46A2.A2018082.h30v17.001.2020331011038.h5",2018,"082"
"VNP46A2.A2018082.h31v01.001.2020331072622.h5","https://ladsweb.modaps.eosdis.nasa.gov/archive/allData/5000/VNP46A2/2018/082/VNP46A2.A2018082.h31v01.001.2020331072622.h5",2018,"082"
"VNP46A2.A2018082.h31v02.001.2020333090444.h5","https://ladsweb.modaps.eosdis.nasa.gov/archive/allData/5000/VNP46A2/2018/082/VNP46A2.A2018082.h31v02.001.2020333090444.h5",2018,"082"
"VNP46A2.A2018082.h31v03.001.2020333091539.h5","https://ladsweb.modaps.eosdis.nasa.gov/archive/allData/5000/VNP46A2/2018/082/VNP46A2.A2018082.h31v03.001.2020333091539.h5",2018,"082"
"VNP46A2.A2018082.h31v04.001.2020335053851.h5","https://ladsweb.modaps.eosdis.nasa.gov/archive/allData/5000/VNP46A2/2018/082/VNP46A2.A2018082.h31v04.001.2020335053851.h5",2018,"082"
"VNP46A2.A2018082.h31v05.001.2020334020520.h5","https://ladsweb.modaps.eosdis.nasa.gov/archive/allData/5000/VNP46A2/2018/082/VNP46A2.A2018082.h31v05.001.2020334020520.h5",2018,"082"
"VNP46A2.A2018082.h31v06.001.2020333142331.h5","https://ladsweb.modaps.eosdis.nasa.gov/archive/allData/5000/VNP46A2/2018/082/VNP46A2.A2018082.h31v06.001.2020333142331.h5",2018,"082"
"VNP46A2.A2018082.h31v08.001.2020333135537.h5","https://ladsweb.modaps.eosdis.nasa.gov/archive/allData/5000/VNP46A2/2018/082/VNP46A2.A2018082.h31v08.001.2020333135537.h5",2018,"082"
"VNP46A2.A2018082.h31v09.001.2020334090851.h5","https://ladsweb.modaps.eosdis.nasa.gov/archive/allData/5000/VNP46A2/2018/082/VNP46A2.A2018082.h31v09.001.2020334090851.h5",2018,"082"
"VNP46A2.A2018082.h31v10.001.2020334222147.h5","https://ladsweb.modaps.eosdis.nasa.gov/archive/allData/5000/VNP46A2/2018/082/VNP46A2.A2018082.h31v10.001.2020334222147.h5",2018,"082"
"VNP46A2.A2018082.h31v11.001.2020336070506.h5","https://ladsweb.modaps.eosdis.nasa.gov/archive/allData/5000/VNP46A2/2018/082/VNP46A2.A2018082.h31v11.001.2020336070506.h5",2018,"082"
"VNP46A2.A2018082.h31v12.001.2020335011904.h5","https://ladsweb.modaps.eosdis.nasa.gov/archive/allData/5000/VNP46A2/2018/082/VNP46A2.A2018082.h31v12.001.2020335011904.h5",2018,"082"
"VNP46A2.A2018082.h31v15.001.2020331120425.h5","https://ladsweb.modaps.eosdis.nasa.gov/archive/allData/5000/VNP46A2/2018/082/VNP46A2.A2018082.h31v15.001.2020331120425.h5",2018,"082"
"VNP46A2.A2018082.h31v16.001.2020331190311.h5","https://ladsweb.modaps.eosdis.nasa.gov/archive/allData/5000/VNP46A2/2018/082/VNP46A2.A2018082.h31v16.001.2020331190311.h5",2018,"082"
"VNP46A2.A2018082.h31v17.001.2020331005151.h5","https://ladsweb.modaps.eosdis.nasa.gov/archive/allData/5000/VNP46A2/2018/082/VNP46A2.A2018082.h31v17.001.2020331005151.h5",2018,"082"
"VNP46A2.A2018082.h32v01.001.2020331113430.h5","https://ladsweb.modaps.eosdis.nasa.gov/archive/allData/5000/VNP46A2/2018/082/VNP46A2.A2018082.h32v01.001.2020331113430.h5",2018,"082"
"VNP46A2.A2018082.h32v02.001.2020333082404.h5","https://ladsweb.modaps.eosdis.nasa.gov/archive/allData/5000/VNP46A2/2018/082/VNP46A2.A2018082.h32v02.001.2020333082404.h5",2018,"082"
"VNP46A2.A2018082.h32v03.001.2020331205215.h5","https://ladsweb.modaps.eosdis.nasa.gov/archive/allData/5000/VNP46A2/2018/082/VNP46A2.A2018082.h32v03.001.2020331205215.h5",2018,"082"
"VNP46A2.A2018082.h32v04.001.2020334013522.h5","https://ladsweb.modaps.eosdis.nasa.gov/archive/allData/5000/VNP46A2/2018/082/VNP46A2.A2018082.h32v04.001.2020334013522.h5",2018,"082"
"VNP46A2.A2018082.h32v05.001.2020333174841.h5","https://ladsweb.modaps.eosdis.nasa.gov/archive/allData/5000/VNP46A2/2018/082/VNP46A2.A2018082.h32v05.001.2020333174841.h5",2018,"082"
"VNP46A2.A2018082.h32v07.001.2020333143510.h5","https://ladsweb.modaps.eosdis.nasa.gov/archive/allData/5000/VNP46A2/2018/082/VNP46A2.A2018082.h32v07.001.2020333143510.h5",2018,"082"
"VNP46A2.A2018082.h32v08.001.2020333142854.h5","https://ladsweb.modaps.eosdis.nasa.gov/archive/allData/5000/VNP46A2/2018/082/VNP46A2.A2018082.h32v08.001.2020333142854.h5",2018,"082"
"VNP46A2.A2018082.h32v09.001.2020334061922.h5","https://ladsweb.modaps.eosdis.nasa.gov/archive/allData/5000/VNP46A2/2018/082/VNP46A2.A2018082.h32v09.001.2020334061922.h5",2018,"082"
"VNP46A2.A2018082.h32v10.001.2020334060811.h5","https://ladsweb.modaps.eosdis.nasa.gov/archive/allData/5000/VNP46A2/2018/082/VNP46A2.A2018082.h32v10.001.2020334060811.h5",2018,"082"
"VNP46A2.A2018082.h32v11.001.2020336064524.h5","https://ladsweb.modaps.eosdis.nasa.gov/archive/allData/5000/VNP46A2/2018/082/VNP46A2.A2018082.h32v11.001.2020336064524.h5",2018,"082"
"VNP46A2.A2018082.h32v12.001.2020336042830.h5","https://ladsweb.modaps.eosdis.nasa.gov/archive/allData/5000/VNP46A2/2018/082/VNP46A2.A2018082.h32v12.001.2020336042830.h5",2018,"082"
"VNP46A2.A2018082.h32v13.001.2020333211514.h5","https://ladsweb.modaps.eosdis.nasa.gov/archive/allData/5000/VNP46A2/2018/082/VNP46A2.A2018082.h32v13.001.2020333211514.h5",2018,"082"
"VNP46A2.A2018082.h32v15.001.2020331082347.h5","https://ladsweb.modaps.eosdis.nasa.gov/archive/allData/5000/VNP46A2/2018/082/VNP46A2.A2018082.h32v15.001.2020331082347.h5",2018,"082"
"VNP46A2.A2018082.h32v16.001.2020331172343.h5","https://ladsweb.modaps.eosdis.nasa.gov/archive/allData/5000/VNP46A2/2018/082/VNP46A2.A2018082.h32v16.001.2020331172343.h5",2018,"082"
"VNP46A2.A2018082.h32v17.001.2020331005217.h5","https://ladsweb.modaps.eosdis.nasa.gov/archive/allData/5000/VNP46A2/2018/082/VNP46A2.A2018082.h32v17.001.2020331005217.h5",2018,"082"
"VNP46A2.A2018082.h33v01.001.2020331063452.h5","https://ladsweb.modaps.eosdis.nasa.gov/archive/allData/5000/VNP46A2/2018/082/VNP46A2.A2018082.h33v01.001.2020331063452.h5",2018,"082"
"VNP46A2.A2018082.h33v02.001.2020333041521.h5","https://ladsweb.modaps.eosdis.nasa.gov/archive/allData/5000/VNP46A2/2018/082/VNP46A2.A2018082.h33v02.001.2020333041521.h5",2018,"082"
"VNP46A2.A2018082.h33v03.001.2020331210351.h5","https://ladsweb.modaps.eosdis.nasa.gov/archive/allData/5000/VNP46A2/2018/082/VNP46A2.A2018082.h33v03.001.2020331210351.h5",2018,"082"
"VNP46A2.A2018082.h33v04.001.2020333172844.h5","https://ladsweb.modaps.eosdis.nasa.gov/archive/allData/5000/VNP46A2/2018/082/VNP46A2.A2018082.h33v04.001.2020333172844.h5",2018,"082"
"VNP46A2.A2018082.h33v08.001.2020333141907.h5","https://ladsweb.modaps.eosdis.nasa.gov/archive/allData/5000/VNP46A2/2018/082/VNP46A2.A2018082.h33v08.001.2020333141907.h5",2018,"082"
"VNP46A2.A2018082.h33v09.001.2020333194223.h5","https://ladsweb.modaps.eosdis.nasa.gov/archive/allData/5000/VNP46A2/2018/082/VNP46A2.A2018082.h33v09.001.2020333194223.h5",2018,"082"
"VNP46A2.A2018082.h33v10.001.2020333183057.h5","https://ladsweb.modaps.eosdis.nasa.gov/archive/allData/5000/VNP46A2/2018/082/VNP46A2.A2018082.h33v10.001.2020333183057.h5",2018,"082"
"VNP46A2.A2018082.h33v11.001.2020333215534.h5","https://ladsweb.modaps.eosdis.nasa.gov/archive/allData/5000/VNP46A2/2018/082/VNP46A2.A2018082.h33v11.001.2020333215534.h5",2018,"082"
"VNP46A2.A2018082.h33v12.001.2020333205347.h5","https://ladsweb.modaps.eosdis.nasa.gov/archive/allData/5000/VNP46A2/2018/082/VNP46A2.A2018082.h33v12.001.2020333205347.h5",2018,"082"
"VNP46A2.A2018082.h33v15.001.2020331024641.h5","https://ladsweb.modaps.eosdis.nasa.gov/archive/allData/5000/VNP46A2/2018/082/VNP46A2.A2018082.h33v15.001.2020331024641.h5",2018,"082"
"VNP46A2.A2018082.h33v16.001.2020331172050.h5","https://ladsweb.modaps.eosdis.nasa.gov/archive/allData/5000/VNP46A2/2018/082/VNP46A2.A2018082.h33v16.001.2020331172050.h5",2018,"082"
"VNP46A2.A2018082.h33v17.001.2020331012936.h5","https://ladsweb.modaps.eosdis.nasa.gov/archive/allData/5000/VNP46A2/2018/082/VNP46A2.A2018082.h33v17.001.2020331012936.h5",2018,"082"
"VNP46A2.A2018082.h34v02.001.2020332220040.h5","https://ladsweb.modaps.eosdis.nasa.gov/archive/allData/5000/VNP46A2/2018/082/VNP46A2.A2018082.h34v02.001.2020332220040.h5",2018,"082"
"VNP46A2.A2018082.h34v03.001.2020331105206.h5","https://ladsweb.modaps.eosdis.nasa.gov/archive/allData/5000/VNP46A2/2018/082/VNP46A2.A2018082.h34v03.001.2020331105206.h5",2018,"082"
"VNP46A2.A2018082.h34v07.001.2020333135024.h5","https://ladsweb.modaps.eosdis.nasa.gov/archive/allData/5000/VNP46A2/2018/082/VNP46A2.A2018082.h34v07.001.2020333135024.h5",2018,"082"
"VNP46A2.A2018082.h34v08.001.2020333161733.h5","https://ladsweb.modaps.eosdis.nasa.gov/archive/allData/5000/VNP46A2/2018/082/VNP46A2.A2018082.h34v08.001.2020333161733.h5",2018,"082"
"VNP46A2.A2018082.h34v09.001.2020333135949.h5","https://ladsweb.modaps.eosdis.nasa.gov/archive/allData/5000/VNP46A2/2018/082/VNP46A2.A2018082.h34v09.001.2020333135949.h5",2018,"082"
"VNP46A2.A2018082.h34v10.001.2020333162636.h5","https://ladsweb.modaps.eosdis.nasa.gov/archive/allData/5000/VNP46A2/2018/082/VNP46A2.A2018082.h34v10.001.2020333162636.h5",2018,"082"
"VNP46A2.A2018082.h34v11.001.2020333201151.h5","https://ladsweb.modaps.eosdis.nasa.gov/archive/allData/5000/VNP46A2/2018/082/VNP46A2.A2018082.h34v11.001.2020333201151.h5",2018,"082"
"VNP46A2.A2018082.h34v13.001.2020333182745.h5","https://ladsweb.modaps.eosdis.nasa.gov/archive/allData/5000/VNP46A2/2018/082/VNP46A2.A2018082.h34v13.001.2020333182745.h5",2018,"082"
"VNP46A2.A2018082.h34v14.001.2020333165624.h5","https://ladsweb.modaps.eosdis.nasa.gov/archive/allData/5000/VNP46A2/2018/082/VNP46A2.A2018082.h34v14.001.2020333165624.h5",2018,"082"
"VNP46A2.A2018082.h34v15.001.2020331004422.h5","https://ladsweb.modaps.eosdis.nasa.gov/archive/allData/5000/VNP46A2/2018/082/VNP46A2.A2018082.h34v15.001.2020331004422.h5",2018,"082"
"VNP46A2.A2018082.h34v16.001.2020331090042.h5","https://ladsweb.modaps.eosdis.nasa.gov/archive/allData/5000/VNP46A2/2018/082/VNP46A2.A2018082.h34v16.001.2020331090042.h5",2018,"082"
"VNP46A2.A2018082.h34v17.001.2020331004357.h5","https://ladsweb.modaps.eosdis.nasa.gov/archive/allData/5000/VNP46A2/2018/082/VNP46A2.A2018082.h34v17.001.2020331004357.h5",2018,"082"
"VNP46A2.A2018082.h35v01.001.2020331005305.h5","https://ladsweb.modaps.eosdis.nasa.gov/archive/allData/5000/VNP46A2/2018/082/VNP46A2.A2018082.h35v01.001.2020331005305.h5",2018,"082"
"VNP46A2.A2018082.h35v02.001.2020332114005.h5","https://ladsweb.modaps.eosdis.nasa.gov/archive/allData/5000/VNP46A2/2018/082/VNP46A2.A2018082.h35v02.001.2020332114005.h5",2018,"082"
"VNP46A2.A2018082.h35v03.001.2020331004415.h5","https://ladsweb.modaps.eosdis.nasa.gov/archive/allData/5000/VNP46A2/2018/082/VNP46A2.A2018082.h35v03.001.2020331004415.h5",2018,"082"
"VNP46A2.A2018082.h35v08.001.2020333150630.h5","https://ladsweb.modaps.eosdis.nasa.gov/archive/allData/5000/VNP46A2/2018/082/VNP46A2.A2018082.h35v08.001.2020333150630.h5",2018,"082"
"VNP46A2.A2018082.h35v09.001.2020333125518.h5","https://ladsweb.modaps.eosdis.nasa.gov/archive/allData/5000/VNP46A2/2018/082/VNP46A2.A2018082.h35v09.001.2020333125518.h5",2018,"082"
"VNP46A2.A2018082.h35v10.001.2020333143430.h5","https://ladsweb.modaps.eosdis.nasa.gov/archive/allData/5000/VNP46A2/2018/082/VNP46A2.A2018082.h35v10.001.2020333143430.h5",2018,"082"
"VNP46A2.A2018082.h35v11.001.2020333141558.h5","https://ladsweb.modaps.eosdis.nasa.gov/archive/allData/5000/VNP46A2/2018/082/VNP46A2.A2018082.h35v11.001.2020333141558.h5",2018,"082"
"VNP46A2.A2018082.h35v12.001.2020333200747.h5","https://ladsweb.modaps.eosdis.nasa.gov/archive/allData/5000/VNP46A2/2018/082/VNP46A2.A2018082.h35v12.001.2020333200747.h5",2018,"082"
"VNP46A2.A2018082.h35v13.001.2020333232407.h5","https://ladsweb.modaps.eosdis.nasa.gov/archive/allData/5000/VNP46A2/2018/082/VNP46A2.A2018082.h35v13.001.2020333232407.h5",2018,"082"
"VNP46A2.A2018082.h35v15.001.2020331004426.h5","https://ladsweb.modaps.eosdis.nasa.gov/archive/allData/5000/VNP46A2/2018/082/VNP46A2.A2018082.h35v15.001.2020331004426.h5",2018,"082"
"VNP46A2.A2018082.h35v16.001.2020331011552.h5","https://ladsweb.modaps.eosdis.nasa.gov/archive/allData/5000/VNP46A2/2018/082/VNP46A2.A2018082.h35v16.001.2020331011552.h5",2018,"082"
"VNP46A2.A2018082.h35v17.001.2020331005756.h5","https://ladsweb.modaps.eosdis.nasa.gov/archive/allData/5000/VNP46A2/2018/082/VNP46A2.A2018082.h35v17.001.2020331005756.h5",2018,"082"
